-- 1. Tạo Database
CREATE DATABASE IF NOT EXISTS tracnghiem_python
CHARACTER SET utf8mb4 COLLATE utf8mb4_unicode_ci;

USE tracnghiem_python;

-- 2. Tạo các bảng (Giữ nguyên cấu trúc đã chốt)
CREATE TABLE admins (
    admin_id INT AUTO_INCREMENT PRIMARY KEY,
    username VARCHAR(50) NOT NULL UNIQUE,
    password_hash VARCHAR(255) NOT NULL
);

CREATE TABLE students (
    student_id INT AUTO_INCREMENT PRIMARY KEY,
    username VARCHAR(50) NOT NULL UNIQUE,
    password_hash VARCHAR(255) NOT NULL,
    full_name VARCHAR(100) NOT NULL
);

CREATE TABLE subjects (
    subject_id INT AUTO_INCREMENT PRIMARY KEY,
    subject_name VARCHAR(100) NOT NULL UNIQUE,
    description TEXT
);

CREATE TABLE questions (
    question_id INT AUTO_INCREMENT PRIMARY KEY,
    subject_id INT NOT NULL,
    difficulty_level ENUM('EASY', 'MEDIUM', 'HARD') NOT NULL,
    question_content TEXT NOT NULL,
    option_a TEXT NOT NULL,
    option_b TEXT NOT NULL,
    option_c TEXT NOT NULL,
    option_d TEXT NOT NULL,
    correct_option ENUM('A', 'B', 'C', 'D') NOT NULL,
    FOREIGN KEY (subject_id) REFERENCES subjects(subject_id) ON DELETE CASCADE
);

CREATE TABLE quiz_attempts (
    attempt_id INT AUTO_INCREMENT PRIMARY KEY,
    student_id INT NOT NULL,
    subject_id INT NOT NULL,
    difficulty_level ENUM('EASY', 'MEDIUM', 'HARD') NOT NULL,
    total_questions INT NOT NULL,
    correct_answers INT DEFAULT 0,
    score DECIMAL(5,2) DEFAULT 0.00,
    started_at TIMESTAMP DEFAULT CURRENT_TIMESTAMP,
    completed_at TIMESTAMP NULL,
    FOREIGN KEY (student_id) REFERENCES students(student_id) ON DELETE CASCADE,
    FOREIGN KEY (subject_id) REFERENCES subjects(subject_id) ON DELETE CASCADE
);

CREATE TABLE attempt_details (
    detail_id INT AUTO_INCREMENT PRIMARY KEY,
    attempt_id INT NOT NULL,
    question_id INT NOT NULL,
    student_choice ENUM('A', 'B', 'C', 'D', 'UNANSWERED') DEFAULT 'UNANSWERED',
    is_correct BOOLEAN DEFAULT FALSE,
    FOREIGN KEY (attempt_id) REFERENCES quiz_attempts(attempt_id) ON DELETE CASCADE,
    FOREIGN KEY (question_id) REFERENCES questions(question_id) ON DELETE CASCADE
);

-- ==========================================
-- 3. INSERT DỮ LIỆU MẪU (SEED DATA MỚI ĐÃ CHIA FOLDER)
-- ==========================================

-- Thêm tài khoản Admin
INSERT INTO admins (username, password_hash) VALUES 
('admin', '123456');

-- Thêm tài khoản Học sinh
INSERT INTO students (username, password_hash, full_name) VALUES 
('hocsinh01', 'hashed_hs01', 'Nguyễn Văn A'),
('hocsinh02', 'hashed_hs02', 'Trần Thị B');

-- Thêm các Môn học (Đã đóng vai trò như các "Folder" riêng biệt)
INSERT INTO subjects (subject_id, subject_name, description) VALUES 
(1, 'Toán lớp 2', 'Các phép tính cơ bản cộng, trừ, nhân, chia'),
(2, 'Toán lớp 9', 'Đại số, phương trình và hình học cấp THCS'),
(3, 'Toán lớp 12', 'Giải tích, đạo hàm, tích phân và số phức'),
(4, 'Ngữ pháp Tiếng Anh', 'Ngân hàng câu hỏi ngữ pháp từ cơ bản đến nâng cao'),
(5, 'Từ vựng Tiếng Anh', 'Ngân hàng từ vựng flashcard'),
(6, 'Vật Lý THPT', 'Ngân hàng câu hỏi môn Vật Lý'),
(7, 'Hóa Học THPT', 'Ngân hàng câu hỏi môn Hóa Học'),
(8, 'Sinh Học THPT', 'Ngân hàng câu hỏi môn Sinh Học'),
(9, 'Địa Lý lớp 6', 'Kiến thức địa lý tự nhiên cơ bản');

INSERT INTO questions (subject_id, difficulty_level, question_content, option_a, option_b, option_c, option_d, correct_option) VALUES 
(1, 'EASY', 'Kết quả của phép tính 11 + 44 là bao nhiêu?', '61', '55', '56', '54', 'B'),
(1, 'EASY', 'Kết quả của phép tính 34 + 40 là bao nhiêu?', '74', '81', '67', '64', 'A'),
(1, 'EASY', 'Kết quả của phép tính 17 + 49 là bao nhiêu?', '66', '67', '57', '73', 'A'),
(1, 'EASY', 'Kết quả của phép tính 33 + 43 là bao nhiêu?', '76', '71', '86', '80', 'A'),
(1, 'EASY', 'Kết quả của phép tính 19 + 25 là bao nhiêu?', '42', '38', '44', '36', 'C'),
(1, 'EASY', 'Kết quả của phép tính 13 + 42 là bao nhiêu?', '57', '55', '51', '48', 'B'),
(1, 'EASY', 'Kết quả của phép tính 40 + 45 là bao nhiêu?', '85', '89', '95', '93', 'A'),
(1, 'EASY', 'Kết quả của phép tính 29 + 38 là bao nhiêu?', '61', '76', '63', '67', 'D'),
(1, 'EASY', 'Kết quả của phép tính 34 + 37 là bao nhiêu?', '71', '61', '77', '63', 'A'),
(1, 'EASY', 'Kết quả của phép tính 26 + 17 là bao nhiêu?', '45', '43', '49', '39', 'B'),
(1, 'EASY', 'Kết quả của phép tính 25 + 23 là bao nhiêu?', '48', '56', '52', '49', 'A'),
(1, 'EASY', 'Kết quả của phép tính 16 + 15 là bao nhiêu?', '24', '31', '26', '36', 'B'),
(1, 'EASY', 'Kết quả của phép tính 37 + 19 là bao nhiêu?', '66', '60', '48', '56', 'D'),
(1, 'EASY', 'Kết quả của phép tính 21 + 27 là bao nhiêu?', '51', '46', '47', '48', 'D'),
(1, 'EASY', 'Kết quả của phép tính 15 + 17 là bao nhiêu?', '30', '32', '34', '41', 'B'),
(1, 'EASY', 'Kết quả của phép tính 25 + 49 là bao nhiêu?', '84', '74', '77', '83', 'B'),
(1, 'EASY', 'Kết quả của phép tính 20 + 17 là bao nhiêu?', '37', '42', '33', '31', 'A'),
(1, 'EASY', 'Kết quả của phép tính 37 + 50 là bao nhiêu?', '87', '96', '89', '82', 'A'),
(1, 'EASY', 'Kết quả của phép tính 17 + 50 là bao nhiêu?', '68', '67', '72', '58', 'B'),
(1, 'EASY', 'Kết quả của phép tính 50 + 48 là bao nhiêu?', '103', '105', '98', '108', 'C'),
(1, 'EASY', 'Kết quả của phép tính 36 + 29 là bao nhiêu?', '58', '65', '56', '66', 'B'),
(1, 'EASY', 'Kết quả của phép tính 12 + 11 là bao nhiêu?', '27', '19', '23', '30', 'C'),
(1, 'EASY', 'Kết quả của phép tính 10 + 36 là bao nhiêu?', '51', '46', '36', '49', 'B'),
(1, 'EASY', 'Kết quả của phép tính 28 + 45 là bao nhiêu?', '73', '80', '65', '78', 'A'),
(1, 'EASY', 'Kết quả của phép tính 48 + 28 là bao nhiêu?', '74', '76', '77', '75', 'B'),
(1, 'EASY', 'Kết quả của phép tính 26 + 42 là bao nhiêu?', '68', '70', '66', '67', 'A'),
(1, 'EASY', 'Kết quả của phép tính 33 + 17 là bao nhiêu?', '56', '55', '44', '50', 'D'),
(1, 'EASY', 'Kết quả của phép tính 39 + 47 là bao nhiêu?', '81', '95', '86', '93', 'C'),
(1, 'EASY', 'Kết quả của phép tính 22 + 34 là bao nhiêu?', '56', '54', '51', '53', 'A'),
(1, 'EASY', 'Kết quả của phép tính 40 + 48 là bao nhiêu?', '95', '97', '83', '88', 'D'),
(1, 'EASY', 'Kết quả của phép tính 35 + 48 là bao nhiêu?', '73', '75', '85', '83', 'D'),
(1, 'EASY', 'Kết quả của phép tính 12 + 40 là bao nhiêu?', '43', '52', '53', '51', 'B'),
(1, 'EASY', 'Kết quả của phép tính 18 + 37 là bao nhiêu?', '58', '55', '56', '52', 'B'),
(1, 'EASY', 'Kết quả của phép tính 21 + 15 là bao nhiêu?', '42', '37', '39', '36', 'D'),
(1, 'EASY', 'Kết quả của phép tính 50 + 37 là bao nhiêu?', '92', '81', '78', '87', 'D'),
(1, 'EASY', 'Kết quả của phép tính 18 + 10 là bao nhiêu?', '32', '28', '21', '25', 'B'),
(1, 'EASY', 'Kết quả của phép tính 38 + 19 là bao nhiêu?', '61', '47', '57', '63', 'C'),
(1, 'MEDIUM', 'Có 4 rổ cam, mỗi rổ có 3 quả. Tổng cộng có bao nhiêu quả cam?', '11', '14', '8', '12', 'D'),
(1, 'MEDIUM', 'Có 3 rổ cam, mỗi rổ có 8 quả. Tổng cộng có bao nhiêu quả cam?', '24', '22', '26', '21', 'A'),
(1, 'MEDIUM', 'Có 2 rổ cam, mỗi rổ có 7 quả. Tổng cộng có bao nhiêu quả cam?', '14', '13', '12', '15', 'A'),
(1, 'MEDIUM', 'Có 9 rổ cam, mỗi rổ có 4 quả. Tổng cộng có bao nhiêu quả cam?', '35', '38', '36', '39', 'C'),
(1, 'MEDIUM', 'Có 5 rổ cam, mỗi rổ có 9 quả. Tổng cộng có bao nhiêu quả cam?', '48', '45', '46', '47', 'B'),
(1, 'MEDIUM', 'Có 8 rổ cam, mỗi rổ có 5 quả. Tổng cộng có bao nhiêu quả cam?', '40', '42', '38', '35', 'A'),
(1, 'MEDIUM', 'Có 3 rổ cam, mỗi rổ có 3 quả. Tổng cộng có bao nhiêu quả cam?', '7', '10', '9', '12', 'C'),
(1, 'MEDIUM', 'Có 2 rổ cam, mỗi rổ có 4 quả. Tổng cộng có bao nhiêu quả cam?', '7', '11', '12', '8', 'D'),
(1, 'MEDIUM', 'Có 7 rổ cam, mỗi rổ có 5 quả. Tổng cộng có bao nhiêu quả cam?', '34', '35', '39', '37', 'B'),
(1, 'MEDIUM', 'Có 6 rổ cam, mỗi rổ có 3 quả. Tổng cộng có bao nhiêu quả cam?', '15', '19', '23', '18', 'D'),
(1, 'MEDIUM', 'Có 9 rổ cam, mỗi rổ có 3 quả. Tổng cộng có bao nhiêu quả cam?', '29', '27', '26', '31', 'B'),
(1, 'MEDIUM', 'Có 4 rổ cam, mỗi rổ có 6 quả. Tổng cộng có bao nhiêu quả cam?', '22', '21', '24', '23', 'C'),
(1, 'MEDIUM', 'Có 8 rổ cam, mỗi rổ có 10 quả. Tổng cộng có bao nhiêu quả cam?', '78', '75', '80', '79', 'C'),
(1, 'MEDIUM', 'Có 8 rổ cam, mỗi rổ có 6 quả. Tổng cộng có bao nhiêu quả cam?', '43', '48', '50', '47', 'B'),
(1, 'MEDIUM', 'Có 5 rổ cam, mỗi rổ có 10 quả. Tổng cộng có bao nhiêu quả cam?', '51', '52', '55', '50', 'D'),
(1, 'MEDIUM', 'Có 8 rổ cam, mỗi rổ có 5 quả. Tổng cộng có bao nhiêu quả cam?', '40', '44', '36', '42', 'A'),
(1, 'MEDIUM', 'Có 5 rổ cam, mỗi rổ có 3 quả. Tổng cộng có bao nhiêu quả cam?', '20', '12', '15', '19', 'C'),
(1, 'MEDIUM', 'Có 7 rổ cam, mỗi rổ có 4 quả. Tổng cộng có bao nhiêu quả cam?', '24', '28', '27', '25', 'B'),
(1, 'MEDIUM', 'Có 3 rổ cam, mỗi rổ có 4 quả. Tổng cộng có bao nhiêu quả cam?', '10', '12', '14', '15', 'B'),
(1, 'MEDIUM', 'Có 9 rổ cam, mỗi rổ có 3 quả. Tổng cộng có bao nhiêu quả cam?', '27', '23', '25', '31', 'A'),
(1, 'MEDIUM', 'Có 7 rổ cam, mỗi rổ có 9 quả. Tổng cộng có bao nhiêu quả cam?', '65', '63', '58', '61', 'B'),
(1, 'MEDIUM', 'Có 4 rổ cam, mỗi rổ có 2 quả. Tổng cộng có bao nhiêu quả cam?', '3', '13', '5', '8', 'D'),
(1, 'MEDIUM', 'Có 4 rổ cam, mỗi rổ có 2 quả. Tổng cộng có bao nhiêu quả cam?', '12', '8', '7', '4', 'B'),
(1, 'MEDIUM', 'Có 3 rổ cam, mỗi rổ có 10 quả. Tổng cộng có bao nhiêu quả cam?', '29', '33', '25', '30', 'D'),
(1, 'MEDIUM', 'Có 6 rổ cam, mỗi rổ có 8 quả. Tổng cộng có bao nhiêu quả cam?', '49', '48', '51', '50', 'B'),
(1, 'MEDIUM', 'Có 6 rổ cam, mỗi rổ có 6 quả. Tổng cộng có bao nhiêu quả cam?', '36', '32', '38', '41', 'A'),
(1, 'MEDIUM', 'Có 8 rổ cam, mỗi rổ có 4 quả. Tổng cộng có bao nhiêu quả cam?', '35', '36', '28', '32', 'D'),
(1, 'MEDIUM', 'Có 8 rổ cam, mỗi rổ có 2 quả. Tổng cộng có bao nhiêu quả cam?', '21', '16', '14', '11', 'B'),
(1, 'MEDIUM', 'Có 2 rổ cam, mỗi rổ có 3 quả. Tổng cộng có bao nhiêu quả cam?', '2', '6', '10', '11', 'B'),
(1, 'MEDIUM', 'Có 7 rổ cam, mỗi rổ có 3 quả. Tổng cộng có bao nhiêu quả cam?', '21', '16', '17', '20', 'A'),
(1, 'MEDIUM', 'Có 4 rổ cam, mỗi rổ có 9 quả. Tổng cộng có bao nhiêu quả cam?', '36', '40', '34', '41', 'A'),
(1, 'MEDIUM', 'Có 8 rổ cam, mỗi rổ có 7 quả. Tổng cộng có bao nhiêu quả cam?', '61', '56', '57', '51', 'B'),
(1, 'MEDIUM', 'Có 9 rổ cam, mỗi rổ có 2 quả. Tổng cộng có bao nhiêu quả cam?', '13', '22', '23', '18', 'D'),
(1, 'MEDIUM', 'Có 4 rổ cam, mỗi rổ có 9 quả. Tổng cộng có bao nhiêu quả cam?', '39', '35', '36', '34', 'C'),
(1, 'MEDIUM', 'Có 6 rổ cam, mỗi rổ có 2 quả. Tổng cộng có bao nhiêu quả cam?', '14', '12', '15', '17', 'B'),
(1, 'MEDIUM', 'Có 2 rổ cam, mỗi rổ có 7 quả. Tổng cộng có bao nhiêu quả cam?', '14', '10', '17', '13', 'A'),
(1, 'MEDIUM', 'Có 4 rổ cam, mỗi rổ có 10 quả. Tổng cộng có bao nhiêu quả cam?', '40', '42', '39', '38', 'A'),
(1, 'HARD', 'Mẹ có 64 nghìn đồng, mua rau hết 22 nghìn và được trả lại 19 nghìn tiền thừa nhầm. Mẹ đang có bao nhiêu nghìn?', '55', '61', '54', '57', 'B'),
(1, 'HARD', 'Mẹ có 81 nghìn đồng, mua rau hết 23 nghìn và được trả lại 7 nghìn tiền thừa nhầm. Mẹ đang có bao nhiêu nghìn?', '72', '61', '65', '66', 'C'),
(1, 'HARD', 'Mẹ có 80 nghìn đồng, mua rau hết 12 nghìn và được trả lại 8 nghìn tiền thừa nhầm. Mẹ đang có bao nhiêu nghìn?', '73', '76', '75', '83', 'B'),
(1, 'HARD', 'Mẹ có 50 nghìn đồng, mua rau hết 22 nghìn và được trả lại 11 nghìn tiền thừa nhầm. Mẹ đang có bao nhiêu nghìn?', '32', '39', '38', '31', 'B'),
(1, 'HARD', 'Mẹ có 60 nghìn đồng, mua rau hết 20 nghìn và được trả lại 18 nghìn tiền thừa nhầm. Mẹ đang có bao nhiêu nghìn?', '61', '60', '58', '67', 'C'),
(1, 'HARD', 'Mẹ có 98 nghìn đồng, mua rau hết 15 nghìn và được trả lại 6 nghìn tiền thừa nhầm. Mẹ đang có bao nhiêu nghìn?', '89', '92', '80', '99', 'A'),
(1, 'HARD', 'Mẹ có 59 nghìn đồng, mua rau hết 22 nghìn và được trả lại 6 nghìn tiền thừa nhầm. Mẹ đang có bao nhiêu nghìn?', '38', '50', '43', '52', 'C'),
(1, 'HARD', 'Mẹ có 99 nghìn đồng, mua rau hết 13 nghìn và được trả lại 7 nghìn tiền thừa nhầm. Mẹ đang có bao nhiêu nghìn?', '93', '83', '100', '99', 'A'),
(1, 'HARD', 'Mẹ có 53 nghìn đồng, mua rau hết 19 nghìn và được trả lại 15 nghìn tiền thừa nhầm. Mẹ đang có bao nhiêu nghìn?', '55', '39', '41', '49', 'D'),
(1, 'HARD', 'Mẹ có 78 nghìn đồng, mua rau hết 20 nghìn và được trả lại 6 nghìn tiền thừa nhầm. Mẹ đang có bao nhiêu nghìn?', '64', '58', '65', '57', 'A'),
(1, 'HARD', 'Mẹ có 54 nghìn đồng, mua rau hết 29 nghìn và được trả lại 16 nghìn tiền thừa nhầm. Mẹ đang có bao nhiêu nghìn?', '33', '50', '47', '41', 'D'),
(1, 'HARD', 'Mẹ có 57 nghìn đồng, mua rau hết 10 nghìn và được trả lại 15 nghìn tiền thừa nhầm. Mẹ đang có bao nhiêu nghìn?', '53', '66', '57', '62', 'D'),
(1, 'HARD', 'Mẹ có 59 nghìn đồng, mua rau hết 17 nghìn và được trả lại 13 nghìn tiền thừa nhầm. Mẹ đang có bao nhiêu nghìn?', '62', '53', '60', '55', 'D'),
(1, 'HARD', 'Mẹ có 58 nghìn đồng, mua rau hết 14 nghìn và được trả lại 12 nghìn tiền thừa nhầm. Mẹ đang có bao nhiêu nghìn?', '53', '56', '47', '58', 'B'),
(1, 'HARD', 'Mẹ có 52 nghìn đồng, mua rau hết 16 nghìn và được trả lại 20 nghìn tiền thừa nhầm. Mẹ đang có bao nhiêu nghìn?', '51', '56', '65', '55', 'B'),
(1, 'HARD', 'Mẹ có 60 nghìn đồng, mua rau hết 29 nghìn và được trả lại 12 nghìn tiền thừa nhầm. Mẹ đang có bao nhiêu nghìn?', '43', '51', '42', '45', 'A'),
(1, 'HARD', 'Mẹ có 66 nghìn đồng, mua rau hết 10 nghìn và được trả lại 12 nghìn tiền thừa nhầm. Mẹ đang có bao nhiêu nghìn?', '76', '68', '72', '61', 'B'),
(1, 'HARD', 'Mẹ có 75 nghìn đồng, mua rau hết 26 nghìn và được trả lại 19 nghìn tiền thừa nhầm. Mẹ đang có bao nhiêu nghìn?', '59', '68', '75', '77', 'B'),
(1, 'HARD', 'Mẹ có 97 nghìn đồng, mua rau hết 15 nghìn và được trả lại 12 nghìn tiền thừa nhầm. Mẹ đang có bao nhiêu nghìn?', '88', '99', '89', '94', 'D'),
(1, 'HARD', 'Mẹ có 92 nghìn đồng, mua rau hết 13 nghìn và được trả lại 9 nghìn tiền thừa nhầm. Mẹ đang có bao nhiêu nghìn?', '92', '88', '98', '89', 'B'),
(1, 'HARD', 'Mẹ có 84 nghìn đồng, mua rau hết 17 nghìn và được trả lại 13 nghìn tiền thừa nhầm. Mẹ đang có bao nhiêu nghìn?', '89', '84', '79', '80', 'D'),
(1, 'HARD', 'Mẹ có 93 nghìn đồng, mua rau hết 13 nghìn và được trả lại 9 nghìn tiền thừa nhầm. Mẹ đang có bao nhiêu nghìn?', '89', '86', '93', '84', 'A'),
(1, 'HARD', 'Mẹ có 64 nghìn đồng, mua rau hết 10 nghìn và được trả lại 14 nghìn tiền thừa nhầm. Mẹ đang có bao nhiêu nghìn?', '71', '68', '69', '67', 'B'),
(1, 'HARD', 'Mẹ có 63 nghìn đồng, mua rau hết 14 nghìn và được trả lại 19 nghìn tiền thừa nhầm. Mẹ đang có bao nhiêu nghìn?', '71', '72', '68', '76', 'C'),
(1, 'HARD', 'Mẹ có 94 nghìn đồng, mua rau hết 16 nghìn và được trả lại 8 nghìn tiền thừa nhầm. Mẹ đang có bao nhiêu nghìn?', '89', '83', '86', '77', 'C'),
(1, 'HARD', 'Mẹ có 95 nghìn đồng, mua rau hết 13 nghìn và được trả lại 20 nghìn tiền thừa nhầm. Mẹ đang có bao nhiêu nghìn?', '99', '104', '112', '102', 'D'),
(1, 'HARD', 'Mẹ có 54 nghìn đồng, mua rau hết 19 nghìn và được trả lại 12 nghìn tiền thừa nhầm. Mẹ đang có bao nhiêu nghìn?', '55', '47', '41', '57', 'B'),
(1, 'HARD', 'Mẹ có 50 nghìn đồng, mua rau hết 30 nghìn và được trả lại 10 nghìn tiền thừa nhầm. Mẹ đang có bao nhiêu nghìn?', '40', '30', '34', '20', 'B'),
(1, 'HARD', 'Mẹ có 62 nghìn đồng, mua rau hết 28 nghìn và được trả lại 17 nghìn tiền thừa nhầm. Mẹ đang có bao nhiêu nghìn?', '43', '46', '57', '51', 'D'),
(1, 'HARD', 'Mẹ có 77 nghìn đồng, mua rau hết 10 nghìn và được trả lại 15 nghìn tiền thừa nhầm. Mẹ đang có bao nhiêu nghìn?', '81', '82', '73', '92', 'B'),
(1, 'HARD', 'Mẹ có 77 nghìn đồng, mua rau hết 10 nghìn và được trả lại 9 nghìn tiền thừa nhầm. Mẹ đang có bao nhiêu nghìn?', '84', '76', '86', '72', 'B'),
(1, 'HARD', 'Mẹ có 62 nghìn đồng, mua rau hết 13 nghìn và được trả lại 16 nghìn tiền thừa nhầm. Mẹ đang có bao nhiêu nghìn?', '70', '59', '65', '74', 'C'),
(1, 'HARD', 'Mẹ có 80 nghìn đồng, mua rau hết 19 nghìn và được trả lại 13 nghìn tiền thừa nhầm. Mẹ đang có bao nhiêu nghìn?', '75', '76', '74', '67', 'C'),
(1, 'HARD', 'Mẹ có 55 nghìn đồng, mua rau hết 14 nghìn và được trả lại 7 nghìn tiền thừa nhầm. Mẹ đang có bao nhiêu nghìn?', '49', '48', '43', '55', 'B'),
(1, 'HARD', 'Mẹ có 89 nghìn đồng, mua rau hết 10 nghìn và được trả lại 20 nghìn tiền thừa nhầm. Mẹ đang có bao nhiêu nghìn?', '99', '98', '94', '91', 'A'),
(1, 'HARD', 'Mẹ có 80 nghìn đồng, mua rau hết 16 nghìn và được trả lại 20 nghìn tiền thừa nhầm. Mẹ đang có bao nhiêu nghìn?', '92', '82', '88', '84', 'D'),
(1, 'HARD', 'Mẹ có 82 nghìn đồng, mua rau hết 12 nghìn và được trả lại 7 nghìn tiền thừa nhầm. Mẹ đang có bao nhiêu nghìn?', '77', '69', '73', '82', 'A'),
(2, 'EASY', 'Nghiệm x của phương trình 13x = 64 là?', '5.91', '1.77', '3.54', '4.92', 'D'),
(2, 'EASY', 'Nghiệm x của phương trình 12x = 15 là?', '-2.15', '1.25', '0.58', '4.77', 'B'),
(2, 'EASY', 'Nghiệm x của phương trình 3x = 20 là?', '3.39', '5.89', '2.73', '6.67', 'D'),
(2, 'EASY', 'Nghiệm x của phương trình 11x = 63 là?', '6.53', '7.47', '9.67', '5.73', 'D'),
(2, 'EASY', 'Nghiệm x của phương trình 3x = 32 là?', '6.12', '15.28', '14.58', '10.67', 'D'),
(2, 'EASY', 'Nghiệm x của phương trình 8x = 50 là?', '6.25', '8.45', '4.87', '5.28', 'A'),
(2, 'EASY', 'Nghiệm x của phương trình 4x = 98 là?', '24.5', '27.66', '24.86', '28.89', 'A'),
(2, 'EASY', 'Nghiệm x của phương trình 14x = 58 là?', '4.14', '4.31', '5.35', '1.66', 'A'),
(2, 'EASY', 'Nghiệm x của phương trình 5x = 12 là?', '5.57', '-1.61', '2.4', '6.67', 'C'),
(2, 'EASY', 'Nghiệm x của phương trình 15x = 22 là?', '-0.73', '5.08', '1.47', '4.34', 'C'),
(2, 'EASY', 'Nghiệm x của phương trình 4x = 80 là?', '21.2', '20.0', '15.64', '16.82', 'B'),
(2, 'EASY', 'Nghiệm x của phương trình 9x = 42 là?', '4.67', '6.75', '1.43', '7.19', 'A'),
(2, 'EASY', 'Nghiệm x của phương trình 8x = 97 là?', '7.48', '12.12', '8.47', '11.37', 'B'),
(2, 'EASY', 'Nghiệm x của phương trình 13x = 33 là?', '2.54', '0.28', '-0.45', '3.59', 'A'),
(2, 'EASY', 'Nghiệm x của phương trình 2x = 19 là?', '5.16', '9.5', '5.04', '9.41', 'B'),
(2, 'EASY', 'Nghiệm x của phương trình 6x = 98 là?', '16.33', '12.3', '13.7', '13.57', 'A'),
(2, 'EASY', 'Nghiệm x của phương trình 5x = 23 là?', '5.18', '4.6', '3.75', '4.91', 'B'),
(2, 'EASY', 'Nghiệm x của phương trình 11x = 53 là?', '4.82', '2.64', '2.37', '5.01', 'A'),
(2, 'EASY', 'Nghiệm x của phương trình 8x = 30 là?', '0.82', '7.18', '3.75', '1.91', 'C'),
(2, 'EASY', 'Nghiệm x của phương trình 8x = 82 là?', '9.41', '10.25', '12.55', '8.46', 'B'),
(2, 'EASY', 'Nghiệm x của phương trình 8x = 52 là?', '10.58', '2.47', '6.5', '3.77', 'C'),
(2, 'EASY', 'Nghiệm x của phương trình 2x = 21 là?', '6.92', '6.86', '11.27', '10.5', 'D'),
(2, 'EASY', 'Nghiệm x của phương trình 11x = 55 là?', '5.25', '1.18', '5.0', '8.05', 'C'),
(2, 'EASY', 'Nghiệm x của phương trình 15x = 86 là?', '5.73', '3.56', '1.35', '8.85', 'A'),
(2, 'EASY', 'Nghiệm x của phương trình 7x = 45 là?', '6.43', '2.15', '6.86', '6.9', 'A'),
(2, 'EASY', 'Nghiệm x của phương trình 8x = 45 là?', '2.04', '2.89', '4.44', '5.62', 'D'),
(2, 'EASY', 'Nghiệm x của phương trình 10x = 14 là?', '1.4', '-2.41', '2.83', '-3.46', 'A'),
(2, 'EASY', 'Nghiệm x của phương trình 4x = 53 là?', '13.25', '9.94', '10.95', '14.0', 'A'),
(2, 'EASY', 'Nghiệm x của phương trình 7x = 87 là?', '12.43', '9.51', '12.85', '15.16', 'A'),
(2, 'EASY', 'Nghiệm x của phương trình 7x = 40 là?', '1.63', '6.23', '4.53', '5.71', 'D'),
(2, 'EASY', 'Nghiệm x của phương trình 6x = 11 là?', '0.01', '-3.12', '1.83', '6.24', 'C'),
(2, 'EASY', 'Nghiệm x của phương trình 6x = 78 là?', '17.19', '11.83', '13.0', '15.31', 'C'),
(2, 'EASY', 'Nghiệm x của phương trình 5x = 69 là?', '10.6', '9.72', '17.19', '13.8', 'D'),
(2, 'EASY', 'Nghiệm x của phương trình 2x = 34 là?', '19.27', '14.87', '17.0', '16.02', 'C'),
(2, 'EASY', 'Nghiệm x của phương trình 14x = 52 là?', '3.71', '8.58', '0.49', '4.18', 'A'),
(2, 'EASY', 'Nghiệm x của phương trình 8x = 84 là?', '10.72', '14.21', '8.79', '10.5', 'D'),
(2, 'EASY', 'Nghiệm x của phương trình 9x = 54 là?', '10.19', '3.48', '2.68', '6.0', 'D'),
(2, 'MEDIUM', 'Giải phương trình bậc nhất: 3x + 11 = 29', '7.48', '6.17', '6.0', '8.13', 'C'),
(2, 'MEDIUM', 'Giải phương trình bậc nhất: 2x + 9 = 35', '11.83', '12.78', '13.0', '12.53', 'C'),
(2, 'MEDIUM', 'Giải phương trình bậc nhất: 8x + 7 = 45', '4.75', '7.71', '6.08', '5.74', 'A'),
(2, 'MEDIUM', 'Giải phương trình bậc nhất: 10x + 15 = 29', '3.56', '-0.17', '-0.74', '1.4', 'D'),
(2, 'MEDIUM', 'Giải phương trình bậc nhất: 4x + 16 = 22', '4.08', '1.5', '-1.44', '1.99', 'B'),
(2, 'MEDIUM', 'Giải phương trình bậc nhất: 10x + 15 = 39', '0.25', '1.35', '2.4', '3.85', 'C'),
(2, 'MEDIUM', 'Giải phương trình bậc nhất: 7x + 12 = 35', '4.85', '2.73', '3.29', '6.25', 'C'),
(2, 'MEDIUM', 'Giải phương trình bậc nhất: 9x + 2 = 35', '3.67', '6.08', '1.04', '4.56', 'A'),
(2, 'MEDIUM', 'Giải phương trình bậc nhất: 3x + 13 = 39', '11.65', '8.67', '10.35', '7.13', 'B'),
(2, 'MEDIUM', 'Giải phương trình bậc nhất: 6x + 14 = 23', '1.5', '4.07', '2.57', '2.28', 'A'),
(2, 'MEDIUM', 'Giải phương trình bậc nhất: 9x + 11 = 21', '1.15', '0.58', '2.82', '1.11', 'D'),
(2, 'MEDIUM', 'Giải phương trình bậc nhất: 3x + 3 = 39', '12.0', '12.31', '11.47', '14.83', 'A'),
(2, 'MEDIUM', 'Giải phương trình bậc nhất: 6x + 6 = 29', '2.68', '6.56', '2.23', '3.83', 'D'),
(2, 'MEDIUM', 'Giải phương trình bậc nhất: 8x + 20 = 30', '1.25', '2.27', '0.99', '2.56', 'A'),
(2, 'MEDIUM', 'Giải phương trình bậc nhất: 5x + 11 = 45', '7.42', '4.67', '6.87', '6.8', 'D'),
(2, 'MEDIUM', 'Giải phương trình bậc nhất: 5x + 11 = 22', '-0.1', '-0.78', '2.2', '3.71', 'C'),
(2, 'MEDIUM', 'Giải phương trình bậc nhất: 6x + 3 = 40', '9.11', '6.17', '5.86', '5.07', 'B'),
(2, 'MEDIUM', 'Giải phương trình bậc nhất: 10x + 8 = 46', '6.15', '3.8', '1.51', '4.7', 'B'),
(2, 'MEDIUM', 'Giải phương trình bậc nhất: 6x + 11 = 28', '2.23', '3.27', '1.72', '2.83', 'D'),
(2, 'MEDIUM', 'Giải phương trình bậc nhất: 10x + 19 = 29', '3.23', '1.0', '-0.6', '2.67', 'B'),
(2, 'MEDIUM', 'Giải phương trình bậc nhất: 8x + 7 = 22', '1.31', '1.88', '3.8', '-0.22', 'B'),
(2, 'MEDIUM', 'Giải phương trình bậc nhất: 10x + 18 = 30', '0.15', '1.2', '2.39', '0.57', 'B'),
(2, 'MEDIUM', 'Giải phương trình bậc nhất: 8x + 19 = 34', '1.88', '3.48', '-0.38', '3.83', 'A'),
(2, 'MEDIUM', 'Giải phương trình bậc nhất: 5x + 8 = 33', '4.09', '6.1', '2.24', '5.0', 'D'),
(2, 'MEDIUM', 'Giải phương trình bậc nhất: 6x + 10 = 34', '4.0', '1.9', '6.9', '2.51', 'A'),
(2, 'MEDIUM', 'Giải phương trình bậc nhất: 10x + 4 = 35', '3.1', '2.91', '4.73', '4.93', 'A'),
(2, 'MEDIUM', 'Giải phương trình bậc nhất: 3x + 9 = 30', '7.0', '8.47', '9.26', '6.71', 'A'),
(2, 'MEDIUM', 'Giải phương trình bậc nhất: 5x + 9 = 40', '6.2', '6.85', '4.75', '6.3', 'A'),
(2, 'MEDIUM', 'Giải phương trình bậc nhất: 2x + 9 = 40', '13.97', '14.36', '15.5', '17.66', 'C'),
(2, 'MEDIUM', 'Giải phương trình bậc nhất: 4x + 2 = 45', '10.75', '9.77', '10.37', '10.09', 'A'),
(2, 'MEDIUM', 'Giải phương trình bậc nhất: 2x + 11 = 34', '13.49', '10.05', '11.5', '12.19', 'C'),
(2, 'MEDIUM', 'Giải phương trình bậc nhất: 3x + 5 = 37', '10.67', '10.54', '11.32', '10.06', 'A'),
(2, 'MEDIUM', 'Giải phương trình bậc nhất: 6x + 1 = 48', '9.09', '8.28', '7.83', '7.65', 'C'),
(2, 'MEDIUM', 'Giải phương trình bậc nhất: 3x + 12 = 41', '10.36', '9.67', '11.18', '6.99', 'B'),
(2, 'MEDIUM', 'Giải phương trình bậc nhất: 3x + 5 = 49', '11.92', '16.87', '15.47', '14.67', 'D'),
(2, 'MEDIUM', 'Giải phương trình bậc nhất: 4x + 8 = 22', '6.41', '3.5', '4.91', '3.84', 'B'),
(2, 'MEDIUM', 'Giải phương trình bậc nhất: 6x + 11 = 50', '6.5', '5.69', '7.11', '5.57', 'A'),
(2, 'HARD', 'Nghiệm dương của phương trình x^2 - 25 = 0 là?', '5', '8', '10', '9', 'A'),
(2, 'HARD', 'Nghiệm dương của phương trình x^2 - 36 = 0 là?', '11', '10', '6', '7', 'C'),
(2, 'HARD', 'Nghiệm dương của phương trình x^2 - 81 = 0 là?', '10', '13', '14', '9', 'D'),
(2, 'HARD', 'Nghiệm dương của phương trình x^2 - 16 = 0 là?', '9', '6', '8', '4', 'D'),
(2, 'HARD', 'Nghiệm dương của phương trình x^2 - 49 = 0 là?', '9', '8', '7', '10', 'C'),
(2, 'HARD', 'Nghiệm dương của phương trình x^2 - 81 = 0 là?', '12', '11', '10', '9', 'D'),
(2, 'HARD', 'Nghiệm dương của phương trình x^2 - 36 = 0 là?', '8', '10', '6', '7', 'C'),
(2, 'HARD', 'Nghiệm dương của phương trình x^2 - 36 = 0 là?', '7', '11', '9', '6', 'D'),
(2, 'HARD', 'Nghiệm dương của phương trình x^2 - 25 = 0 là?', '5', '9', '8', '10', 'A'),
(2, 'HARD', 'Nghiệm dương của phương trình x^2 - 4 = 0 là?', '3', '4', '2', '5', 'C'),
(2, 'HARD', 'Nghiệm dương của phương trình x^2 - 100 = 0 là?', '13', '10', '14', '11', 'B'),
(2, 'HARD', 'Nghiệm dương của phương trình x^2 - 100 = 0 là?', '10', '12', '15', '13', 'A'),
(2, 'HARD', 'Nghiệm dương của phương trình x^2 - 64 = 0 là?', '8', '12', '9', '13', 'A'),
(2, 'HARD', 'Nghiệm dương của phương trình x^2 - 100 = 0 là?', '14', '10', '11', '13', 'B'),
(2, 'HARD', 'Nghiệm dương của phương trình x^2 - 25 = 0 là?', '8', '7', '5', '9', 'C'),
(2, 'HARD', 'Nghiệm dương của phương trình x^2 - 9 = 0 là?', '4', '3', '7', '6', 'B'),
(2, 'HARD', 'Nghiệm dương của phương trình x^2 - 64 = 0 là?', '9', '8', '13', '12', 'B'),
(2, 'HARD', 'Nghiệm dương của phương trình x^2 - 64 = 0 là?', '13', '11', '8', '9', 'C'),
(2, 'HARD', 'Nghiệm dương của phương trình x^2 - 25 = 0 là?', '5', '7', '6', '10', 'A'),
(2, 'HARD', 'Nghiệm dương của phương trình x^2 - 100 = 0 là?', '12', '14', '10', '11', 'C'),
(2, 'HARD', 'Nghiệm dương của phương trình x^2 - 64 = 0 là?', '9', '8', '11', '10', 'B'),
(2, 'HARD', 'Nghiệm dương của phương trình x^2 - 49 = 0 là?', '7', '11', '9', '8', 'A'),
(2, 'HARD', 'Nghiệm dương của phương trình x^2 - 4 = 0 là?', '3', '6', '2', '7', 'C'),
(2, 'HARD', 'Nghiệm dương của phương trình x^2 - 9 = 0 là?', '4', '3', '7', '6', 'B'),
(2, 'HARD', 'Nghiệm dương của phương trình x^2 - 16 = 0 là?', '9', '4', '8', '7', 'B'),
(2, 'HARD', 'Nghiệm dương của phương trình x^2 - 36 = 0 là?', '6', '9', '8', '7', 'A'),
(2, 'HARD', 'Nghiệm dương của phương trình x^2 - 4 = 0 là?', '2', '4', '7', '3', 'A'),
(2, 'HARD', 'Nghiệm dương của phương trình x^2 - 49 = 0 là?', '7', '8', '10', '9', 'A'),
(2, 'HARD', 'Nghiệm dương của phương trình x^2 - 100 = 0 là?', '15', '10', '12', '13', 'B'),
(2, 'HARD', 'Nghiệm dương của phương trình x^2 - 81 = 0 là?', '14', '9', '11', '13', 'B'),
(2, 'HARD', 'Nghiệm dương của phương trình x^2 - 81 = 0 là?', '14', '13', '9', '11', 'C'),
(2, 'HARD', 'Nghiệm dương của phương trình x^2 - 81 = 0 là?', '9', '11', '12', '10', 'A'),
(2, 'HARD', 'Nghiệm dương của phương trình x^2 - 100 = 0 là?', '13', '14', '10', '12', 'C'),
(2, 'HARD', 'Nghiệm dương của phương trình x^2 - 81 = 0 là?', '9', '13', '12', '10', 'A'),
(2, 'HARD', 'Nghiệm dương của phương trình x^2 - 25 = 0 là?', '5', '8', '7', '6', 'A'),
(2, 'HARD', 'Nghiệm dương của phương trình x^2 - 81 = 0 là?', '11', '14', '9', '13', 'C'),
(2, 'HARD', 'Nghiệm dương của phương trình x^2 - 81 = 0 là?', '9', '12', '14', '10', 'A'),
(3, 'EASY', 'Đạo hàm của hàm số y = x^16 là?', '16x^15 (Sai 1)', '15x^16', '16x^15 (Sai 2)', '16x^15', 'D'),
(3, 'EASY', 'Đạo hàm của hàm số y = x^33 là?', '33x^32', '33x^32 (Sai 1)', '32x^33', '33x^32 (Sai 2)', 'A'),
(3, 'EASY', 'Đạo hàm của hàm số y = x^39 là?', '39x^38 (Sai 1)', '39x^38 (Sai 2)', '38x^39', '39x^38', 'D'),
(3, 'EASY', 'Đạo hàm của hàm số y = x^33 là?', '33x^32 (Sai 2)', '33x^32 (Sai 1)', '33x^32', '32x^33', 'C'),
(3, 'EASY', 'Đạo hàm của hàm số y = x^12 là?', '11x^12', '12x^11 (Sai 1)', '12x^11 (Sai 2)', '12x^11', 'D'),
(3, 'EASY', 'Đạo hàm của hàm số y = x^37 là?', '37x^36', '37x^36 (Sai 1)', '37x^36 (Sai 2)', '36x^37', 'A'),
(3, 'EASY', 'Đạo hàm của hàm số y = x^50 là?', '50x^49', '49x^50', '50x^49 (Sai 2)', '50x^49 (Sai 1)', 'A'),
(3, 'EASY', 'Đạo hàm của hàm số y = x^10 là?', '9x^10', '10x^9 (Sai 2)', '10x^9', '10x^9 (Sai 1)', 'C'),
(3, 'EASY', 'Đạo hàm của hàm số y = x^22 là?', '22x^21 (Sai 2)', '21x^22', '22x^21', '22x^21 (Sai 1)', 'C'),
(3, 'EASY', 'Đạo hàm của hàm số y = x^27 là?', '27x^26', '27x^26 (Sai 1)', '26x^27', '27x^26 (Sai 2)', 'A'),
(3, 'EASY', 'Đạo hàm của hàm số y = x^3 là?', '3x^2 (Sai 1)', '2x^3', '3x^2', '3x^2 (Sai 2)', 'C'),
(3, 'EASY', 'Đạo hàm của hàm số y = x^35 là?', '35x^34 (Sai 2)', '35x^34 (Sai 1)', '35x^34', '34x^35', 'C'),
(3, 'EASY', 'Đạo hàm của hàm số y = x^14 là?', '14x^13', '14x^13 (Sai 2)', '13x^14', '14x^13 (Sai 1)', 'A'),
(3, 'EASY', 'Đạo hàm của hàm số y = x^44 là?', '44x^43 (Sai 1)', '44x^43 (Sai 2)', '44x^43', '43x^44', 'C'),
(3, 'EASY', 'Đạo hàm của hàm số y = x^49 là?', '49x^48', '49x^48 (Sai 2)', '48x^49', '49x^48 (Sai 1)', 'A'),
(3, 'EASY', 'Đạo hàm của hàm số y = x^7 là?', '7x^6 (Sai 2)', '6x^7', '7x^6', '7x^6 (Sai 1)', 'C'),
(3, 'EASY', 'Đạo hàm của hàm số y = x^13 là?', '13x^12 (Sai 1)', '12x^13', '13x^12', '13x^12 (Sai 2)', 'C'),
(3, 'EASY', 'Đạo hàm của hàm số y = x^14 là?', '14x^13 (Sai 2)', '13x^14', '14x^13 (Sai 1)', '14x^13', 'D'),
(3, 'EASY', 'Đạo hàm của hàm số y = x^34 là?', '34x^33 (Sai 2)', '33x^34', '34x^33 (Sai 1)', '34x^33', 'D'),
(3, 'EASY', 'Đạo hàm của hàm số y = x^34 là?', '34x^33 (Sai 1)', '34x^33', '33x^34', '34x^33 (Sai 2)', 'B'),
(3, 'EASY', 'Đạo hàm của hàm số y = x^24 là?', '23x^24', '24x^23 (Sai 1)', '24x^23', '24x^23 (Sai 2)', 'C'),
(3, 'EASY', 'Đạo hàm của hàm số y = x^32 là?', '32x^31 (Sai 1)', '32x^31', '32x^31 (Sai 2)', '31x^32', 'B'),
(3, 'EASY', 'Đạo hàm của hàm số y = x^34 là?', '34x^33 (Sai 2)', '34x^33 (Sai 1)', '34x^33', '33x^34', 'C'),
(3, 'EASY', 'Đạo hàm của hàm số y = x^40 là?', '39x^40', '40x^39', '40x^39 (Sai 2)', '40x^39 (Sai 1)', 'B'),
(3, 'EASY', 'Đạo hàm của hàm số y = x^37 là?', '36x^37', '37x^36 (Sai 1)', '37x^36 (Sai 2)', '37x^36', 'D'),
(3, 'EASY', 'Đạo hàm của hàm số y = x^28 là?', '28x^27', '28x^27 (Sai 1)', '27x^28', '28x^27 (Sai 2)', 'A'),
(3, 'EASY', 'Đạo hàm của hàm số y = x^31 là?', '31x^30', '30x^31', '31x^30 (Sai 1)', '31x^30 (Sai 2)', 'A'),
(3, 'EASY', 'Đạo hàm của hàm số y = x^12 là?', '12x^11', '11x^12', '12x^11 (Sai 1)', '12x^11 (Sai 2)', 'A'),
(3, 'EASY', 'Đạo hàm của hàm số y = x^25 là?', '25x^24 (Sai 1)', '24x^25', '25x^24 (Sai 2)', '25x^24', 'D'),
(3, 'EASY', 'Đạo hàm của hàm số y = x^43 là?', '43x^42 (Sai 1)', '43x^42 (Sai 2)', '42x^43', '43x^42', 'D'),
(3, 'EASY', 'Đạo hàm của hàm số y = x^44 là?', '44x^43', '44x^43 (Sai 1)', '44x^43 (Sai 2)', '43x^44', 'A'),
(3, 'EASY', 'Đạo hàm của hàm số y = x^40 là?', '39x^40', '40x^39 (Sai 1)', '40x^39 (Sai 2)', '40x^39', 'D'),
(3, 'EASY', 'Đạo hàm của hàm số y = x^6 là?', '6x^5', '5x^6', '6x^5 (Sai 2)', '6x^5 (Sai 1)', 'A'),
(3, 'EASY', 'Đạo hàm của hàm số y = x^34 là?', '34x^33', '34x^33 (Sai 1)', '33x^34', '34x^33 (Sai 2)', 'A'),
(3, 'EASY', 'Đạo hàm của hàm số y = x^11 là?', '10x^11', '11x^10 (Sai 1)', '11x^10', '11x^10 (Sai 2)', 'C'),
(3, 'EASY', 'Đạo hàm của hàm số y = x^3 là?', '2x^3', '3x^2', '3x^2 (Sai 1)', '3x^2 (Sai 2)', 'B'),
(3, 'EASY', 'Đạo hàm của hàm số y = x^13 là?', '13x^12', '12x^13', '13x^12 (Sai 2)', '13x^12 (Sai 1)', 'A'),
(3, 'MEDIUM', 'Tính đạo hàm cấp 2 của hàm số y = 3x^3 / 6 ?', '3x', '6x', '5x', '4x', 'A'),
(3, 'MEDIUM', 'Tính đạo hàm cấp 2 của hàm số y = 18x^3 / 6 ?', '20x', '19x', '21x', '18x', 'D'),
(3, 'MEDIUM', 'Tính đạo hàm cấp 2 của hàm số y = 5x^3 / 6 ?', '8x', '6x', '5x', '7x', 'C'),
(3, 'MEDIUM', 'Tính đạo hàm cấp 2 của hàm số y = 13x^3 / 6 ?', '15x', '13x', '16x', '14x', 'B'),
(3, 'MEDIUM', 'Tính đạo hàm cấp 2 của hàm số y = 20x^3 / 6 ?', '20x', '23x', '22x', '21x', 'A'),
(3, 'MEDIUM', 'Tính đạo hàm cấp 2 của hàm số y = 16x^3 / 6 ?', '19x', '18x', '17x', '16x', 'D'),
(3, 'MEDIUM', 'Tính đạo hàm cấp 2 của hàm số y = 19x^3 / 6 ?', '19x', '20x', '22x', '21x', 'A'),
(3, 'MEDIUM', 'Tính đạo hàm cấp 2 của hàm số y = 4x^3 / 6 ?', '7x', '4x', '5x', '6x', 'B'),
(3, 'MEDIUM', 'Tính đạo hàm cấp 2 của hàm số y = 15x^3 / 6 ?', '16x', '17x', '18x', '15x', 'D'),
(3, 'MEDIUM', 'Tính đạo hàm cấp 2 của hàm số y = 9x^3 / 6 ?', '9x', '10x', '11x', '12x', 'A'),
(3, 'MEDIUM', 'Tính đạo hàm cấp 2 của hàm số y = 2x^3 / 6 ?', '3x', '5x', '2x', '4x', 'C'),
(3, 'MEDIUM', 'Tính đạo hàm cấp 2 của hàm số y = 4x^3 / 6 ?', '6x', '5x', '7x', '4x', 'D'),
(3, 'MEDIUM', 'Tính đạo hàm cấp 2 của hàm số y = 13x^3 / 6 ?', '14x', '15x', '13x', '16x', 'C'),
(3, 'MEDIUM', 'Tính đạo hàm cấp 2 của hàm số y = 6x^3 / 6 ?', '9x', '6x', '7x', '8x', 'B'),
(3, 'MEDIUM', 'Tính đạo hàm cấp 2 của hàm số y = 11x^3 / 6 ?', '11x', '12x', '14x', '13x', 'A'),
(3, 'MEDIUM', 'Tính đạo hàm cấp 2 của hàm số y = 5x^3 / 6 ?', '5x', '8x', '6x', '7x', 'A'),
(3, 'MEDIUM', 'Tính đạo hàm cấp 2 của hàm số y = 13x^3 / 6 ?', '13x', '15x', '14x', '16x', 'A'),
(3, 'MEDIUM', 'Tính đạo hàm cấp 2 của hàm số y = 20x^3 / 6 ?', '21x', '22x', '23x', '20x', 'D'),
(3, 'MEDIUM', 'Tính đạo hàm cấp 2 của hàm số y = 13x^3 / 6 ?', '13x', '15x', '16x', '14x', 'A'),
(3, 'MEDIUM', 'Tính đạo hàm cấp 2 của hàm số y = 7x^3 / 6 ?', '7x', '10x', '9x', '8x', 'A'),
(3, 'MEDIUM', 'Tính đạo hàm cấp 2 của hàm số y = 16x^3 / 6 ?', '17x', '19x', '18x', '16x', 'D'),
(3, 'MEDIUM', 'Tính đạo hàm cấp 2 của hàm số y = 7x^3 / 6 ?', '8x', '10x', '7x', '9x', 'C'),
(3, 'MEDIUM', 'Tính đạo hàm cấp 2 của hàm số y = 7x^3 / 6 ?', '8x', '9x', '7x', '10x', 'C'),
(3, 'MEDIUM', 'Tính đạo hàm cấp 2 của hàm số y = 14x^3 / 6 ?', '17x', '14x', '15x', '16x', 'B'),
(3, 'MEDIUM', 'Tính đạo hàm cấp 2 của hàm số y = 7x^3 / 6 ?', '7x', '8x', '10x', '9x', 'A'),
(3, 'MEDIUM', 'Tính đạo hàm cấp 2 của hàm số y = 18x^3 / 6 ?', '20x', '19x', '18x', '21x', 'C'),
(3, 'MEDIUM', 'Tính đạo hàm cấp 2 của hàm số y = 17x^3 / 6 ?', '18x', '17x', '19x', '20x', 'B'),
(3, 'MEDIUM', 'Tính đạo hàm cấp 2 của hàm số y = 17x^3 / 6 ?', '17x', '20x', '18x', '19x', 'A'),
(3, 'MEDIUM', 'Tính đạo hàm cấp 2 của hàm số y = 12x^3 / 6 ?', '15x', '14x', '13x', '12x', 'D'),
(3, 'MEDIUM', 'Tính đạo hàm cấp 2 của hàm số y = 2x^3 / 6 ?', '5x', '3x', '2x', '4x', 'C'),
(3, 'MEDIUM', 'Tính đạo hàm cấp 2 của hàm số y = 4x^3 / 6 ?', '6x', '4x', '7x', '5x', 'B'),
(3, 'MEDIUM', 'Tính đạo hàm cấp 2 của hàm số y = 8x^3 / 6 ?', '9x', '11x', '10x', '8x', 'D'),
(3, 'MEDIUM', 'Tính đạo hàm cấp 2 của hàm số y = 11x^3 / 6 ?', '11x', '14x', '12x', '13x', 'A'),
(3, 'MEDIUM', 'Tính đạo hàm cấp 2 của hàm số y = 20x^3 / 6 ?', '20x', '22x', '21x', '23x', 'A'),
(3, 'MEDIUM', 'Tính đạo hàm cấp 2 của hàm số y = 9x^3 / 6 ?', '11x', '9x', '12x', '10x', 'B'),
(3, 'MEDIUM', 'Tính đạo hàm cấp 2 của hàm số y = 4x^3 / 6 ?', '5x', '6x', '7x', '4x', 'D'),
(3, 'MEDIUM', 'Tính đạo hàm cấp 2 của hàm số y = 3x^3 / 6 ?', '6x', '4x', '3x', '5x', 'C'),
(3, 'HARD', 'Giới hạn lim(x->+vô cực) của (4x + 1)/(2x - 2) bằng?', '4/2', '5/2', '4/2 (Sai 2)', '4/2 (Sai 1)', 'A'),
(3, 'HARD', 'Giới hạn lim(x->+vô cực) của (3x + 1)/(6x - 2) bằng?', '3/6', '3/6 (Sai 2)', '3/6 (Sai 1)', '4/6', 'A'),
(3, 'HARD', 'Giới hạn lim(x->+vô cực) của (9x + 1)/(2x - 2) bằng?', '9/2 (Sai 1)', '9/2', '9/2 (Sai 2)', '10/2', 'B'),
(3, 'HARD', 'Giới hạn lim(x->+vô cực) của (10x + 1)/(2x - 2) bằng?', '11/2', '10/2 (Sai 1)', '10/2 (Sai 2)', '10/2', 'D'),
(3, 'HARD', 'Giới hạn lim(x->+vô cực) của (4x + 1)/(10x - 2) bằng?', '4/10 (Sai 1)', '5/10', '4/10', '4/10 (Sai 2)', 'C'),
(3, 'HARD', 'Giới hạn lim(x->+vô cực) của (7x + 1)/(7x - 2) bằng?', '7/7 (Sai 2)', '7/7', '8/7', '7/7 (Sai 1)', 'B'),
(3, 'HARD', 'Giới hạn lim(x->+vô cực) của (5x + 1)/(2x - 2) bằng?', '5/2 (Sai 1)', '6/2', '5/2 (Sai 2)', '5/2', 'D'),
(3, 'HARD', 'Giới hạn lim(x->+vô cực) của (2x + 1)/(2x - 2) bằng?', '2/2', '2/2 (Sai 2)', '3/2', '2/2 (Sai 1)', 'A'),
(3, 'HARD', 'Giới hạn lim(x->+vô cực) của (2x + 1)/(3x - 2) bằng?', '3/3', '2/3 (Sai 2)', '2/3', '2/3 (Sai 1)', 'C'),
(3, 'HARD', 'Giới hạn lim(x->+vô cực) của (8x + 1)/(1x - 2) bằng?', '8/1', '9/1', '8/1 (Sai 2)', '8/1 (Sai 1)', 'A'),
(3, 'HARD', 'Giới hạn lim(x->+vô cực) của (2x + 1)/(2x - 2) bằng?', '2/2 (Sai 2)', '3/2', '2/2', '2/2 (Sai 1)', 'C'),
(3, 'HARD', 'Giới hạn lim(x->+vô cực) của (7x + 1)/(1x - 2) bằng?', '8/1', '7/1 (Sai 2)', '7/1', '7/1 (Sai 1)', 'C'),
(3, 'HARD', 'Giới hạn lim(x->+vô cực) của (7x + 1)/(2x - 2) bằng?', '8/2', '7/2 (Sai 2)', '7/2', '7/2 (Sai 1)', 'C'),
(3, 'HARD', 'Giới hạn lim(x->+vô cực) của (6x + 1)/(4x - 2) bằng?', '6/4 (Sai 1)', '6/4', '6/4 (Sai 2)', '7/4', 'B'),
(3, 'HARD', 'Giới hạn lim(x->+vô cực) của (9x + 1)/(4x - 2) bằng?', '10/4', '9/4 (Sai 2)', '9/4 (Sai 1)', '9/4', 'D'),
(3, 'HARD', 'Giới hạn lim(x->+vô cực) của (8x + 1)/(5x - 2) bằng?', '8/5 (Sai 1)', '8/5 (Sai 2)', '9/5', '8/5', 'D'),
(3, 'HARD', 'Giới hạn lim(x->+vô cực) của (9x + 1)/(4x - 2) bằng?', '9/4 (Sai 1)', '9/4', '9/4 (Sai 2)', '10/4', 'B'),
(3, 'HARD', 'Giới hạn lim(x->+vô cực) của (3x + 1)/(7x - 2) bằng?', '3/7', '4/7', '3/7 (Sai 2)', '3/7 (Sai 1)', 'A'),
(3, 'HARD', 'Giới hạn lim(x->+vô cực) của (7x + 1)/(3x - 2) bằng?', '7/3 (Sai 1)', '7/3', '8/3', '7/3 (Sai 2)', 'B'),
(3, 'HARD', 'Giới hạn lim(x->+vô cực) của (4x + 1)/(3x - 2) bằng?', '4/3 (Sai 1)', '4/3 (Sai 2)', '4/3', '5/3', 'C'),
(3, 'HARD', 'Giới hạn lim(x->+vô cực) của (7x + 1)/(6x - 2) bằng?', '7/6', '7/6 (Sai 1)', '8/6', '7/6 (Sai 2)', 'A'),
(3, 'HARD', 'Giới hạn lim(x->+vô cực) của (6x + 1)/(7x - 2) bằng?', '7/7', '6/7 (Sai 1)', '6/7 (Sai 2)', '6/7', 'D'),
(3, 'HARD', 'Giới hạn lim(x->+vô cực) của (9x + 1)/(1x - 2) bằng?', '9/1 (Sai 1)', '9/1', '10/1', '9/1 (Sai 2)', 'B'),
(3, 'HARD', 'Giới hạn lim(x->+vô cực) của (10x + 1)/(6x - 2) bằng?', '10/6 (Sai 2)', '10/6', '11/6', '10/6 (Sai 1)', 'B'),
(3, 'HARD', 'Giới hạn lim(x->+vô cực) của (3x + 1)/(6x - 2) bằng?', '3/6 (Sai 1)', '3/6 (Sai 2)', '3/6', '4/6', 'C'),
(3, 'HARD', 'Giới hạn lim(x->+vô cực) của (5x + 1)/(1x - 2) bằng?', '5/1 (Sai 2)', '5/1 (Sai 1)', '5/1', '6/1', 'C'),
(3, 'HARD', 'Giới hạn lim(x->+vô cực) của (2x + 1)/(8x - 2) bằng?', '2/8 (Sai 1)', '2/8', '3/8', '2/8 (Sai 2)', 'B'),
(3, 'HARD', 'Giới hạn lim(x->+vô cực) của (5x + 1)/(8x - 2) bằng?', '6/8', '5/8 (Sai 1)', '5/8 (Sai 2)', '5/8', 'D'),
(3, 'HARD', 'Giới hạn lim(x->+vô cực) của (6x + 1)/(7x - 2) bằng?', '6/7 (Sai 2)', '7/7', '6/7 (Sai 1)', '6/7', 'D'),
(3, 'HARD', 'Giới hạn lim(x->+vô cực) của (9x + 1)/(8x - 2) bằng?', '9/8 (Sai 1)', '10/8', '9/8', '9/8 (Sai 2)', 'C'),
(3, 'HARD', 'Giới hạn lim(x->+vô cực) của (10x + 1)/(10x - 2) bằng?', '10/10 (Sai 2)', '10/10 (Sai 1)', '10/10', '11/10', 'C'),
(3, 'HARD', 'Giới hạn lim(x->+vô cực) của (7x + 1)/(4x - 2) bằng?', '7/4 (Sai 1)', '7/4 (Sai 2)', '7/4', '8/4', 'C'),
(3, 'HARD', 'Giới hạn lim(x->+vô cực) của (8x + 1)/(5x - 2) bằng?', '8/5', '9/5', '8/5 (Sai 1)', '8/5 (Sai 2)', 'A'),
(3, 'HARD', 'Giới hạn lim(x->+vô cực) của (7x + 1)/(2x - 2) bằng?', '8/2', '7/2 (Sai 2)', '7/2', '7/2 (Sai 1)', 'C'),
(3, 'HARD', 'Giới hạn lim(x->+vô cực) của (10x + 1)/(6x - 2) bằng?', '10/6 (Sai 1)', '10/6', '11/6', '10/6 (Sai 2)', 'B'),
(3, 'HARD', 'Giới hạn lim(x->+vô cực) của (7x + 1)/(6x - 2) bằng?', '7/6 (Sai 1)', '7/6 (Sai 2)', '7/6', '8/6', 'C'),
(3, 'HARD', 'Giới hạn lim(x->+vô cực) của (9x + 1)/(7x - 2) bằng?', '9/7', '9/7 (Sai 1)', '9/7 (Sai 2)', '10/7', 'A'),
(4, 'EASY', 'Choose the correct verb: John usually _____ football on Sundays.', 'watching', 'watched', 'watches', 'watch', 'C'),
(4, 'EASY', 'Choose the correct verb: Anna usually _____ football on Sundays.', 'watches', 'watched', 'watch', 'watching', 'A'),
(4, 'EASY', 'Choose the correct verb: David usually _____ football on Sundays.', 'studying', 'study', 'studied', 'studies', 'D'),
(4, 'EASY', 'Choose the correct verb: John usually _____ football on Sundays.', 'studied', 'study', 'studying', 'studies', 'D'),
(4, 'EASY', 'Choose the correct verb: Anna usually _____ football on Sundays.', 'watched', 'watches', 'watching', 'watch', 'B'),
(4, 'EASY', 'Choose the correct verb: Mary usually _____ football on Sundays.', 'studied', 'studying', 'study', 'studies', 'D'),
(4, 'EASY', 'Choose the correct verb: David usually _____ football on Sundays.', 'plays', 'played', 'playing', 'play', 'A'),
(4, 'EASY', 'Choose the correct verb: Linda usually _____ football on Sundays.', 'played', 'plays', 'play', 'playing', 'B'),
(4, 'EASY', 'Choose the correct verb: David usually _____ football on Sundays.', 'watch', 'watched', 'watches', 'watching', 'C'),
(4, 'EASY', 'Choose the correct verb: Mary usually _____ football on Sundays.', 'study', 'studying', 'studied', 'studies', 'D'),
(4, 'EASY', 'Choose the correct verb: Mary usually _____ football on Sundays.', 'plays', 'play', 'playing', 'played', 'A'),
(4, 'EASY', 'Choose the correct verb: John usually _____ football on Sundays.', 'played', 'play', 'playing', 'plays', 'D'),
(4, 'EASY', 'Choose the correct verb: Anna usually _____ football on Sundays.', 'watches', 'watched', 'watching', 'watch', 'A'),
(4, 'EASY', 'Choose the correct verb: Linda usually _____ football on Sundays.', 'played', 'plays', 'play', 'playing', 'B'),
(4, 'EASY', 'Choose the correct verb: Peter usually _____ football on Sundays.', 'study', 'studies', 'studying', 'studied', 'B'),
(4, 'EASY', 'Choose the correct verb: Mary usually _____ football on Sundays.', 'studying', 'study', 'studies', 'studied', 'C'),
(4, 'EASY', 'Choose the correct verb: David usually _____ football on Sundays.', 'study', 'studying', 'studied', 'studies', 'D'),
(4, 'EASY', 'Choose the correct verb: Peter usually _____ football on Sundays.', 'watched', 'watch', 'watching', 'watches', 'D'),
(4, 'EASY', 'Choose the correct verb: John usually _____ football on Sundays.', 'play', 'played', 'plays', 'playing', 'C'),
(4, 'EASY', 'Choose the correct verb: John usually _____ football on Sundays.', 'playing', 'plays', 'played', 'play', 'B'),
(4, 'EASY', 'Choose the correct verb: David usually _____ football on Sundays.', 'played', 'plays', 'playing', 'play', 'B'),
(4, 'EASY', 'Choose the correct verb: Linda usually _____ football on Sundays.', 'play', 'playing', 'plays', 'played', 'C'),
(4, 'EASY', 'Choose the correct verb: Peter usually _____ football on Sundays.', 'watch', 'watches', 'watching', 'watched', 'B'),
(4, 'EASY', 'Choose the correct verb: David usually _____ football on Sundays.', 'watching', 'watched', 'watch', 'watches', 'D'),
(4, 'EASY', 'Choose the correct verb: Peter usually _____ football on Sundays.', 'studying', 'study', 'studies', 'studied', 'C'),
(4, 'EASY', 'Choose the correct verb: John usually _____ football on Sundays.', 'playing', 'played', 'plays', 'play', 'C'),
(4, 'EASY', 'Choose the correct verb: John usually _____ football on Sundays.', 'studied', 'studying', 'studies', 'study', 'C'),
(4, 'EASY', 'Choose the correct verb: Mary usually _____ football on Sundays.', 'study', 'studies', 'studied', 'studying', 'B'),
(4, 'EASY', 'Choose the correct verb: Peter usually _____ football on Sundays.', 'studying', 'study', 'studied', 'studies', 'D'),
(4, 'EASY', 'Choose the correct verb: Mary usually _____ football on Sundays.', 'playing', 'play', 'plays', 'played', 'C'),
(4, 'EASY', 'Choose the correct verb: Mary usually _____ football on Sundays.', 'studies', 'studying', 'study', 'studied', 'A'),
(4, 'EASY', 'Choose the correct verb: Peter usually _____ football on Sundays.', 'studied', 'study', 'studies', 'studying', 'C'),
(4, 'EASY', 'Choose the correct verb: Anna usually _____ football on Sundays.', 'study', 'studies', 'studying', 'studied', 'B'),
(4, 'EASY', 'Choose the correct verb: Anna usually _____ football on Sundays.', 'playing', 'played', 'plays', 'play', 'C'),
(4, 'EASY', 'Choose the correct verb: David usually _____ football on Sundays.', 'played', 'plays', 'playing', 'play', 'B'),
(4, 'EASY', 'Choose the correct verb: David usually _____ football on Sundays.', 'studying', 'studies', 'study', 'studied', 'B'),
(4, 'EASY', 'Choose the correct verb: Mary usually _____ football on Sundays.', 'playing', 'plays', 'played', 'play', 'B'),
(4, 'MEDIUM', 'Conditional Type 2: If David _____ harder, they would win the match.', 'will play', 'play', 'played', 'plays', 'C'),
(4, 'MEDIUM', 'Conditional Type 2: If Anna _____ harder, they would win the match.', 'played', 'plays', 'will play', 'play', 'A'),
(4, 'MEDIUM', 'Conditional Type 2: If John _____ harder, they would win the match.', 'will play', 'plays', 'play', 'played', 'D'),
(4, 'MEDIUM', 'Conditional Type 2: If Peter _____ harder, they would win the match.', 'played', 'play', 'plays', 'will play', 'A'),
(4, 'MEDIUM', 'Conditional Type 2: If David _____ harder, they would win the match.', 'will watch', 'watches', 'watched', 'watch', 'C'),
(4, 'MEDIUM', 'Conditional Type 2: If Linda _____ harder, they would win the match.', 'play', 'will play', 'played', 'plays', 'C'),
(4, 'MEDIUM', 'Conditional Type 2: If Linda _____ harder, they would win the match.', 'will play', 'plays', 'played', 'play', 'C'),
(4, 'MEDIUM', 'Conditional Type 2: If Anna _____ harder, they would win the match.', 'watches', 'will watch', 'watched', 'watch', 'C'),
(4, 'MEDIUM', 'Conditional Type 2: If Peter _____ harder, they would win the match.', 'study', 'studies', 'will study', 'studied', 'D'),
(4, 'MEDIUM', 'Conditional Type 2: If John _____ harder, they would win the match.', 'plays', 'played', 'will play', 'play', 'B'),
(4, 'MEDIUM', 'Conditional Type 2: If John _____ harder, they would win the match.', 'will play', 'played', 'play', 'plays', 'B'),
(4, 'MEDIUM', 'Conditional Type 2: If Peter _____ harder, they would win the match.', 'study', 'will study', 'studied', 'studies', 'C'),
(4, 'MEDIUM', 'Conditional Type 2: If David _____ harder, they would win the match.', 'watches', 'watched', 'watch', 'will watch', 'B'),
(4, 'MEDIUM', 'Conditional Type 2: If Peter _____ harder, they would win the match.', 'studied', 'studies', 'study', 'will study', 'A'),
(4, 'MEDIUM', 'Conditional Type 2: If David _____ harder, they would win the match.', 'watched', 'will watch', 'watch', 'watches', 'A'),
(4, 'MEDIUM', 'Conditional Type 2: If John _____ harder, they would win the match.', 'watched', 'will watch', 'watches', 'watch', 'A'),
(4, 'MEDIUM', 'Conditional Type 2: If Linda _____ harder, they would win the match.', 'study', 'studied', 'will study', 'studies', 'B'),
(4, 'MEDIUM', 'Conditional Type 2: If Linda _____ harder, they would win the match.', 'will play', 'played', 'plays', 'play', 'B'),
(4, 'MEDIUM', 'Conditional Type 2: If John _____ harder, they would win the match.', 'study', 'will study', 'studies', 'studied', 'D'),
(4, 'MEDIUM', 'Conditional Type 2: If Mary _____ harder, they would win the match.', 'watch', 'watched', 'will watch', 'watches', 'B'),
(4, 'MEDIUM', 'Conditional Type 2: If Peter _____ harder, they would win the match.', 'play', 'will play', 'played', 'plays', 'C'),
(4, 'MEDIUM', 'Conditional Type 2: If John _____ harder, they would win the match.', 'will watch', 'watch', 'watches', 'watched', 'D'),
(4, 'MEDIUM', 'Conditional Type 2: If John _____ harder, they would win the match.', 'played', 'play', 'plays', 'will play', 'A'),
(4, 'MEDIUM', 'Conditional Type 2: If Peter _____ harder, they would win the match.', 'will watch', 'watches', 'watch', 'watched', 'D'),
(4, 'MEDIUM', 'Conditional Type 2: If Peter _____ harder, they would win the match.', 'study', 'studies', 'studied', 'will study', 'C'),
(4, 'MEDIUM', 'Conditional Type 2: If John _____ harder, they would win the match.', 'will watch', 'watches', 'watch', 'watched', 'D'),
(4, 'MEDIUM', 'Conditional Type 2: If Anna _____ harder, they would win the match.', 'will watch', 'watch', 'watches', 'watched', 'D'),
(4, 'MEDIUM', 'Conditional Type 2: If Mary _____ harder, they would win the match.', 'played', 'play', 'will play', 'plays', 'A'),
(4, 'MEDIUM', 'Conditional Type 2: If Peter _____ harder, they would win the match.', 'studied', 'will study', 'studies', 'study', 'A'),
(4, 'MEDIUM', 'Conditional Type 2: If John _____ harder, they would win the match.', 'play', 'plays', 'will play', 'played', 'D'),
(4, 'MEDIUM', 'Conditional Type 2: If Linda _____ harder, they would win the match.', 'plays', 'play', 'played', 'will play', 'C'),
(4, 'MEDIUM', 'Conditional Type 2: If Peter _____ harder, they would win the match.', 'watched', 'will watch', 'watches', 'watch', 'A'),
(4, 'MEDIUM', 'Conditional Type 2: If Peter _____ harder, they would win the match.', 'played', 'play', 'will play', 'plays', 'A'),
(4, 'MEDIUM', 'Conditional Type 2: If Peter _____ harder, they would win the match.', 'watch', 'watches', 'will watch', 'watched', 'D'),
(4, 'MEDIUM', 'Conditional Type 2: If David _____ harder, they would win the match.', 'plays', 'play', 'played', 'will play', 'C'),
(4, 'MEDIUM', 'Conditional Type 2: If Anna _____ harder, they would win the match.', 'played', 'will play', 'plays', 'play', 'A'),
(4, 'MEDIUM', 'Conditional Type 2: If David _____ harder, they would win the match.', 'studied', 'will study', 'study', 'studies', 'A'),
(4, 'HARD', 'Future Perfect: By next year, Mary _____ English for 5 years.', 'is watching', 'will have watched', 'has watched', 'will watch', 'B'),
(4, 'HARD', 'Future Perfect: By next year, Peter _____ English for 5 years.', 'will have studied', 'will study', 'has studied', 'is studying', 'A'),
(4, 'HARD', 'Future Perfect: By next year, Anna _____ English for 5 years.', 'will play', 'is playing', 'will have played', 'has played', 'C'),
(4, 'HARD', 'Future Perfect: By next year, Mary _____ English for 5 years.', 'will have watched', 'has watched', 'is watching', 'will watch', 'A'),
(4, 'HARD', 'Future Perfect: By next year, John _____ English for 5 years.', 'is playing', 'has played', 'will have played', 'will play', 'C'),
(4, 'HARD', 'Future Perfect: By next year, John _____ English for 5 years.', 'has watched', 'will watch', 'will have watched', 'is watching', 'C'),
(4, 'HARD', 'Future Perfect: By next year, David _____ English for 5 years.', 'is watching', 'will have watched', 'will watch', 'has watched', 'B'),
(4, 'HARD', 'Future Perfect: By next year, Peter _____ English for 5 years.', 'will watch', 'will have watched', 'is watching', 'has watched', 'B'),
(4, 'HARD', 'Future Perfect: By next year, Peter _____ English for 5 years.', 'is studying', 'will have studied', 'will study', 'has studied', 'B'),
(4, 'HARD', 'Future Perfect: By next year, Mary _____ English for 5 years.', 'is watching', 'will watch', 'has watched', 'will have watched', 'D'),
(4, 'HARD', 'Future Perfect: By next year, Anna _____ English for 5 years.', 'will have watched', 'has watched', 'will watch', 'is watching', 'A'),
(4, 'HARD', 'Future Perfect: By next year, John _____ English for 5 years.', 'will watch', 'has watched', 'will have watched', 'is watching', 'C'),
(4, 'HARD', 'Future Perfect: By next year, John _____ English for 5 years.', 'has studied', 'is studying', 'will have studied', 'will study', 'C'),
(4, 'HARD', 'Future Perfect: By next year, David _____ English for 5 years.', 'will have studied', 'has studied', 'is studying', 'will study', 'A'),
(4, 'HARD', 'Future Perfect: By next year, Mary _____ English for 5 years.', 'will watch', 'will have watched', 'is watching', 'has watched', 'B'),
(4, 'HARD', 'Future Perfect: By next year, Linda _____ English for 5 years.', 'will have studied', 'will study', 'has studied', 'is studying', 'A'),
(4, 'HARD', 'Future Perfect: By next year, Linda _____ English for 5 years.', 'will study', 'is studying', 'has studied', 'will have studied', 'D'),
(4, 'HARD', 'Future Perfect: By next year, Linda _____ English for 5 years.', 'has watched', 'will have watched', 'will watch', 'is watching', 'B'),
(4, 'HARD', 'Future Perfect: By next year, Linda _____ English for 5 years.', 'is playing', 'will play', 'has played', 'will have played', 'D'),
(4, 'HARD', 'Future Perfect: By next year, Peter _____ English for 5 years.', 'will have watched', 'will watch', 'has watched', 'is watching', 'A'),
(4, 'HARD', 'Future Perfect: By next year, David _____ English for 5 years.', 'will study', 'will have studied', 'has studied', 'is studying', 'B'),
(4, 'HARD', 'Future Perfect: By next year, Anna _____ English for 5 years.', 'will play', 'will have played', 'has played', 'is playing', 'B'),
(4, 'HARD', 'Future Perfect: By next year, Peter _____ English for 5 years.', 'is playing', 'will have played', 'will play', 'has played', 'B'),
(4, 'HARD', 'Future Perfect: By next year, David _____ English for 5 years.', 'will have played', 'will play', 'has played', 'is playing', 'A'),
(4, 'HARD', 'Future Perfect: By next year, Mary _____ English for 5 years.', 'will study', 'will have studied', 'is studying', 'has studied', 'B'),
(4, 'HARD', 'Future Perfect: By next year, Peter _____ English for 5 years.', 'will have studied', 'will study', 'has studied', 'is studying', 'A'),
(4, 'HARD', 'Future Perfect: By next year, Anna _____ English for 5 years.', 'will play', 'has played', 'will have played', 'is playing', 'C'),
(4, 'HARD', 'Future Perfect: By next year, Linda _____ English for 5 years.', 'will play', 'is playing', 'has played', 'will have played', 'D'),
(4, 'HARD', 'Future Perfect: By next year, Peter _____ English for 5 years.', 'will play', 'will have played', 'has played', 'is playing', 'B'),
(4, 'HARD', 'Future Perfect: By next year, Linda _____ English for 5 years.', 'will have played', 'is playing', 'has played', 'will play', 'A'),
(4, 'HARD', 'Future Perfect: By next year, David _____ English for 5 years.', 'has watched', 'is watching', 'will have watched', 'will watch', 'C'),
(4, 'HARD', 'Future Perfect: By next year, Mary _____ English for 5 years.', 'is watching', 'has watched', 'will watch', 'will have watched', 'D'),
(4, 'HARD', 'Future Perfect: By next year, Peter _____ English for 5 years.', 'has studied', 'will study', 'is studying', 'will have studied', 'D'),
(4, 'HARD', 'Future Perfect: By next year, David _____ English for 5 years.', 'has studied', 'is studying', 'will have studied', 'will study', 'C'),
(4, 'HARD', 'Future Perfect: By next year, John _____ English for 5 years.', 'is playing', 'will play', 'will have played', 'has played', 'C'),
(4, 'HARD', 'Future Perfect: By next year, Linda _____ English for 5 years.', 'has studied', 'will study', 'is studying', 'will have studied', 'D'),
(4, 'HARD', 'Future Perfect: By next year, Linda _____ English for 5 years.', 'will have studied', 'has studied', 'will study', 'is studying', 'A'),
(5, 'EASY', 'Nghĩa của từ vựng "Agile" là gì?', 'Ngu ngốc', 'Lười biếng', 'Nhanh nhẹn', 'Nhút nhát', 'C'),
(5, 'EASY', 'Nghĩa của từ vựng "Candid" là gì?', 'Lười biếng', 'Phung phí', 'Thành thật', 'Xấu xa', 'C'),
(5, 'EASY', 'Nghĩa của từ vựng "Benevolent" là gì?', 'Kiêu ngạo', 'Nhút nhát', 'Nhân từ', 'Chậm chạp', 'C'),
(5, 'EASY', 'Nghĩa của từ vựng "Candid" là gì?', 'Thành thật', 'Cẩu thả', 'Chậm chạp', 'Nhút nhát', 'A'),
(5, 'EASY', 'Nghĩa của từ vựng "Candid" là gì?', 'Cẩu thả', 'Nhút nhát', 'Thành thật', 'Lười biếng', 'C'),
(5, 'EASY', 'Nghĩa của từ vựng "Humble" là gì?', 'Cẩu thả', 'Chậm chạp', 'Khiêm tốn', 'Kiêu ngạo', 'C'),
(5, 'EASY', 'Nghĩa của từ vựng "Diligent" là gì?', 'Lười biếng', 'Cẩu thả', 'Chậm chạp', 'Siêng năng', 'D'),
(5, 'EASY', 'Nghĩa của từ vựng "Frugal" là gì?', 'Phung phí', 'Xấu xa', 'Tiết kiệm', 'Lười biếng', 'C'),
(5, 'EASY', 'Nghĩa của từ vựng "Humble" là gì?', 'Xấu xa', 'Phung phí', 'Cẩu thả', 'Khiêm tốn', 'D'),
(5, 'EASY', 'Nghĩa của từ vựng "Benevolent" là gì?', 'Xấu xa', 'Lười biếng', 'Nhút nhát', 'Nhân từ', 'D'),
(5, 'EASY', 'Nghĩa của từ vựng "Humble" là gì?', 'Khiêm tốn', 'Xấu xa', 'Lười biếng', 'Ngu ngốc', 'A'),
(5, 'EASY', 'Nghĩa của từ vựng "Frugal" là gì?', 'Chậm chạp', 'Phung phí', 'Ngu ngốc', 'Tiết kiệm', 'D'),
(5, 'EASY', 'Nghĩa của từ vựng "Eloquent" là gì?', 'Chậm chạp', 'Cẩu thả', 'Phung phí', 'Hùng biện', 'D'),
(5, 'EASY', 'Nghĩa của từ vựng "Benevolent" là gì?', 'Cẩu thả', 'Nhân từ', 'Nhút nhát', 'Chậm chạp', 'B'),
(5, 'EASY', 'Nghĩa của từ vựng "Frugal" là gì?', 'Nhút nhát', 'Xấu xa', 'Tiết kiệm', 'Lười biếng', 'C'),
(5, 'EASY', 'Nghĩa của từ vựng "Candid" là gì?', 'Lười biếng', 'Kiêu ngạo', 'Xấu xa', 'Thành thật', 'D'),
(5, 'EASY', 'Nghĩa của từ vựng "Humble" là gì?', 'Xấu xa', 'Lười biếng', 'Chậm chạp', 'Khiêm tốn', 'D'),
(5, 'EASY', 'Nghĩa của từ vựng "Gregarious" là gì?', 'Hòa đồng', 'Lười biếng', 'Xấu xa', 'Chậm chạp', 'A'),
(5, 'EASY', 'Nghĩa của từ vựng "Candid" là gì?', 'Thành thật', 'Chậm chạp', 'Xấu xa', 'Cẩu thả', 'A'),
(5, 'EASY', 'Nghĩa của từ vựng "Humble" là gì?', 'Khiêm tốn', 'Xấu xa', 'Chậm chạp', 'Lười biếng', 'A'),
(5, 'EASY', 'Nghĩa của từ vựng "Gregarious" là gì?', 'Nhút nhát', 'Chậm chạp', 'Kiêu ngạo', 'Hòa đồng', 'D'),
(5, 'EASY', 'Nghĩa của từ vựng "Eloquent" là gì?', 'Kiêu ngạo', 'Xấu xa', 'Lười biếng', 'Hùng biện', 'D'),
(5, 'EASY', 'Nghĩa của từ vựng "Humble" là gì?', 'Cẩu thả', 'Chậm chạp', 'Khiêm tốn', 'Nhút nhát', 'C'),
(5, 'EASY', 'Nghĩa của từ vựng "Intrepid" là gì?', 'Ngu ngốc', 'Xấu xa', 'Dũng cảm', 'Lười biếng', 'C'),
(5, 'EASY', 'Nghĩa của từ vựng "Frugal" là gì?', 'Phung phí', 'Chậm chạp', 'Tiết kiệm', 'Nhút nhát', 'C'),
(5, 'EASY', 'Nghĩa của từ vựng "Eloquent" là gì?', 'Lười biếng', 'Chậm chạp', 'Hùng biện', 'Nhút nhát', 'C'),
(5, 'EASY', 'Nghĩa của từ vựng "Gregarious" là gì?', 'Cẩu thả', 'Hòa đồng', 'Kiêu ngạo', 'Chậm chạp', 'B'),
(5, 'EASY', 'Nghĩa của từ vựng "Benevolent" là gì?', 'Ngu ngốc', 'Cẩu thả', 'Nhân từ', 'Xấu xa', 'C'),
(5, 'EASY', 'Nghĩa của từ vựng "Agile" là gì?', 'Lười biếng', 'Nhanh nhẹn', 'Ngu ngốc', 'Xấu xa', 'B'),
(5, 'EASY', 'Nghĩa của từ vựng "Intrepid" là gì?', 'Xấu xa', 'Dũng cảm', 'Chậm chạp', 'Nhút nhát', 'B'),
(5, 'EASY', 'Nghĩa của từ vựng "Diligent" là gì?', 'Kiêu ngạo', 'Cẩu thả', 'Siêng năng', 'Phung phí', 'C'),
(5, 'EASY', 'Nghĩa của từ vựng "Eloquent" là gì?', 'Hùng biện', 'Ngu ngốc', 'Xấu xa', 'Nhút nhát', 'A'),
(5, 'EASY', 'Nghĩa của từ vựng "Eloquent" là gì?', 'Lười biếng', 'Ngu ngốc', 'Kiêu ngạo', 'Hùng biện', 'D'),
(5, 'EASY', 'Nghĩa của từ vựng "Benevolent" là gì?', 'Nhân từ', 'Kiêu ngạo', 'Ngu ngốc', 'Nhút nhát', 'A'),
(5, 'EASY', 'Nghĩa của từ vựng "Eloquent" là gì?', 'Hùng biện', 'Cẩu thả', 'Ngu ngốc', 'Chậm chạp', 'A'),
(5, 'EASY', 'Nghĩa của từ vựng "Candid" là gì?', 'Ngu ngốc', 'Thành thật', 'Kiêu ngạo', 'Lười biếng', 'B'),
(5, 'EASY', 'Nghĩa của từ vựng "Agile" là gì?', 'Xấu xa', 'Lười biếng', 'Nhanh nhẹn', 'Cẩu thả', 'C'),
(5, 'MEDIUM', 'Từ nào dưới đây đồng nghĩa hoặc mang ý nghĩa gần nhất với "Humble"?', 'Lười biếng', 'Cẩu thả', 'Kiêu ngạo', 'Khiêm tốn', 'D'),
(5, 'MEDIUM', 'Từ nào dưới đây đồng nghĩa hoặc mang ý nghĩa gần nhất với "Gregarious"?', 'Cẩu thả', 'Phung phí', 'Hòa đồng', 'Ngu ngốc', 'C'),
(5, 'MEDIUM', 'Từ nào dưới đây đồng nghĩa hoặc mang ý nghĩa gần nhất với "Gregarious"?', 'Hòa đồng', 'Phung phí', 'Kiêu ngạo', 'Chậm chạp', 'A'),
(5, 'MEDIUM', 'Từ nào dưới đây đồng nghĩa hoặc mang ý nghĩa gần nhất với "Frugal"?', 'Tiết kiệm', 'Xấu xa', 'Phung phí', 'Ngu ngốc', 'A'),
(5, 'MEDIUM', 'Từ nào dưới đây đồng nghĩa hoặc mang ý nghĩa gần nhất với "Frugal"?', 'Cẩu thả', 'Lười biếng', 'Tiết kiệm', 'Nhút nhát', 'C'),
(5, 'MEDIUM', 'Từ nào dưới đây đồng nghĩa hoặc mang ý nghĩa gần nhất với "Humble"?', 'Ngu ngốc', 'Cẩu thả', 'Phung phí', 'Khiêm tốn', 'D'),
(5, 'MEDIUM', 'Từ nào dưới đây đồng nghĩa hoặc mang ý nghĩa gần nhất với "Candid"?', 'Phung phí', 'Ngu ngốc', 'Thành thật', 'Lười biếng', 'C'),
(5, 'MEDIUM', 'Từ nào dưới đây đồng nghĩa hoặc mang ý nghĩa gần nhất với "Diligent"?', 'Phung phí', 'Xấu xa', 'Siêng năng', 'Lười biếng', 'C'),
(5, 'MEDIUM', 'Từ nào dưới đây đồng nghĩa hoặc mang ý nghĩa gần nhất với "Intrepid"?', 'Kiêu ngạo', 'Ngu ngốc', 'Dũng cảm', 'Xấu xa', 'C'),
(5, 'MEDIUM', 'Từ nào dưới đây đồng nghĩa hoặc mang ý nghĩa gần nhất với "Agile"?', 'Lười biếng', 'Cẩu thả', 'Phung phí', 'Nhanh nhẹn', 'D'),
(5, 'MEDIUM', 'Từ nào dưới đây đồng nghĩa hoặc mang ý nghĩa gần nhất với "Agile"?', 'Cẩu thả', 'Phung phí', 'Nhanh nhẹn', 'Xấu xa', 'C'),
(5, 'MEDIUM', 'Từ nào dưới đây đồng nghĩa hoặc mang ý nghĩa gần nhất với "Gregarious"?', 'Cẩu thả', 'Hòa đồng', 'Nhút nhát', 'Kiêu ngạo', 'B'),
(5, 'MEDIUM', 'Từ nào dưới đây đồng nghĩa hoặc mang ý nghĩa gần nhất với "Humble"?', 'Kiêu ngạo', 'Khiêm tốn', 'Xấu xa', 'Nhút nhát', 'B'),
(5, 'MEDIUM', 'Từ nào dưới đây đồng nghĩa hoặc mang ý nghĩa gần nhất với "Eloquent"?', 'Chậm chạp', 'Xấu xa', 'Hùng biện', 'Cẩu thả', 'C'),
(5, 'MEDIUM', 'Từ nào dưới đây đồng nghĩa hoặc mang ý nghĩa gần nhất với "Candid"?', 'Cẩu thả', 'Thành thật', 'Xấu xa', 'Nhút nhát', 'B'),
(5, 'MEDIUM', 'Từ nào dưới đây đồng nghĩa hoặc mang ý nghĩa gần nhất với "Frugal"?', 'Tiết kiệm', 'Nhút nhát', 'Chậm chạp', 'Cẩu thả', 'A'),
(5, 'MEDIUM', 'Từ nào dưới đây đồng nghĩa hoặc mang ý nghĩa gần nhất với "Benevolent"?', 'Nhân từ', 'Cẩu thả', 'Ngu ngốc', 'Xấu xa', 'A'),
(5, 'MEDIUM', 'Từ nào dưới đây đồng nghĩa hoặc mang ý nghĩa gần nhất với "Diligent"?', 'Cẩu thả', 'Siêng năng', 'Phung phí', 'Ngu ngốc', 'B'),
(5, 'MEDIUM', 'Từ nào dưới đây đồng nghĩa hoặc mang ý nghĩa gần nhất với "Frugal"?', 'Lười biếng', 'Phung phí', 'Xấu xa', 'Tiết kiệm', 'D');

INSERT INTO questions (subject_id, difficulty_level, question_content, option_a, option_b, option_c, option_d, correct_option) VALUES 
(5, 'MEDIUM', 'Từ nào dưới đây đồng nghĩa hoặc mang ý nghĩa gần nhất với "Gregarious"?', 'Hòa đồng', 'Kiêu ngạo', 'Nhút nhát', 'Xấu xa', 'A'),
(5, 'MEDIUM', 'Từ nào dưới đây đồng nghĩa hoặc mang ý nghĩa gần nhất với "Humble"?', 'Ngu ngốc', 'Nhút nhát', 'Khiêm tốn', 'Phung phí', 'C'),
(5, 'MEDIUM', 'Từ nào dưới đây đồng nghĩa hoặc mang ý nghĩa gần nhất với "Frugal"?', 'Phung phí', 'Ngu ngốc', 'Chậm chạp', 'Tiết kiệm', 'D'),
(5, 'MEDIUM', 'Từ nào dưới đây đồng nghĩa hoặc mang ý nghĩa gần nhất với "Diligent"?', 'Cẩu thả', 'Phung phí', 'Kiêu ngạo', 'Siêng năng', 'D'),
(5, 'MEDIUM', 'Từ nào dưới đây đồng nghĩa hoặc mang ý nghĩa gần nhất với "Frugal"?', 'Xấu xa', 'Chậm chạp', 'Tiết kiệm', 'Lười biếng', 'C'),
(5, 'MEDIUM', 'Từ nào dưới đây đồng nghĩa hoặc mang ý nghĩa gần nhất với "Humble"?', 'Chậm chạp', 'Khiêm tốn', 'Xấu xa', 'Nhút nhát', 'B'),
(5, 'MEDIUM', 'Từ nào dưới đây đồng nghĩa hoặc mang ý nghĩa gần nhất với "Eloquent"?', 'Kiêu ngạo', 'Xấu xa', 'Hùng biện', 'Cẩu thả', 'C'),
(5, 'MEDIUM', 'Từ nào dưới đây đồng nghĩa hoặc mang ý nghĩa gần nhất với "Gregarious"?', 'Chậm chạp', 'Cẩu thả', 'Phung phí', 'Hòa đồng', 'D'),
(5, 'MEDIUM', 'Từ nào dưới đây đồng nghĩa hoặc mang ý nghĩa gần nhất với "Eloquent"?', 'Nhút nhát', 'Ngu ngốc', 'Xấu xa', 'Hùng biện', 'D'),
(5, 'MEDIUM', 'Từ nào dưới đây đồng nghĩa hoặc mang ý nghĩa gần nhất với "Agile"?', 'Cẩu thả', 'Xấu xa', 'Nhanh nhẹn', 'Phung phí', 'C'),
(5, 'MEDIUM', 'Từ nào dưới đây đồng nghĩa hoặc mang ý nghĩa gần nhất với "Agile"?', 'Xấu xa', 'Cẩu thả', 'Nhanh nhẹn', 'Lười biếng', 'C'),
(5, 'MEDIUM', 'Từ nào dưới đây đồng nghĩa hoặc mang ý nghĩa gần nhất với "Agile"?', 'Nhút nhát', 'Kiêu ngạo', 'Cẩu thả', 'Nhanh nhẹn', 'D'),
(5, 'MEDIUM', 'Từ nào dưới đây đồng nghĩa hoặc mang ý nghĩa gần nhất với "Benevolent"?', 'Phung phí', 'Nhân từ', 'Nhút nhát', 'Xấu xa', 'B'),
(5, 'MEDIUM', 'Từ nào dưới đây đồng nghĩa hoặc mang ý nghĩa gần nhất với "Eloquent"?', 'Lười biếng', 'Kiêu ngạo', 'Hùng biện', 'Cẩu thả', 'C'),
(5, 'MEDIUM', 'Từ nào dưới đây đồng nghĩa hoặc mang ý nghĩa gần nhất với "Frugal"?', 'Lười biếng', 'Xấu xa', 'Kiêu ngạo', 'Tiết kiệm', 'D'),
(5, 'MEDIUM', 'Từ nào dưới đây đồng nghĩa hoặc mang ý nghĩa gần nhất với "Eloquent"?', 'Hùng biện', 'Cẩu thả', 'Chậm chạp', 'Ngu ngốc', 'A'),
(5, 'MEDIUM', 'Từ nào dưới đây đồng nghĩa hoặc mang ý nghĩa gần nhất với "Benevolent"?', 'Chậm chạp', 'Lười biếng', 'Cẩu thả', 'Nhân từ', 'D'),
(5, 'MEDIUM', 'Từ nào dưới đây đồng nghĩa hoặc mang ý nghĩa gần nhất với "Agile"?', 'Nhanh nhẹn', 'Kiêu ngạo', 'Xấu xa', 'Cẩu thả', 'A'),
(5, 'HARD', 'Trong ngữ cảnh học thuật, thuật ngữ "Intrepid" ám chỉ phẩm chất gì?', 'Phung phí', 'Cẩu thả', 'Ngu ngốc', 'Dũng cảm', 'D'),
(5, 'HARD', 'Trong ngữ cảnh học thuật, thuật ngữ "Diligent" ám chỉ phẩm chất gì?', 'Ngu ngốc', 'Lười biếng', 'Cẩu thả', 'Siêng năng', 'D'),
(5, 'HARD', 'Trong ngữ cảnh học thuật, thuật ngữ "Eloquent" ám chỉ phẩm chất gì?', 'Phung phí', 'Xấu xa', 'Hùng biện', 'Kiêu ngạo', 'C'),
(5, 'HARD', 'Trong ngữ cảnh học thuật, thuật ngữ "Benevolent" ám chỉ phẩm chất gì?', 'Nhân từ', 'Nhút nhát', 'Lười biếng', 'Chậm chạp', 'A'),
(5, 'HARD', 'Trong ngữ cảnh học thuật, thuật ngữ "Gregarious" ám chỉ phẩm chất gì?', 'Xấu xa', 'Nhút nhát', 'Chậm chạp', 'Hòa đồng', 'D'),
(5, 'HARD', 'Trong ngữ cảnh học thuật, thuật ngữ "Intrepid" ám chỉ phẩm chất gì?', 'Chậm chạp', 'Ngu ngốc', 'Cẩu thả', 'Dũng cảm', 'D'),
(5, 'HARD', 'Trong ngữ cảnh học thuật, thuật ngữ "Benevolent" ám chỉ phẩm chất gì?', 'Ngu ngốc', 'Lười biếng', 'Nhân từ', 'Kiêu ngạo', 'C'),
(5, 'HARD', 'Trong ngữ cảnh học thuật, thuật ngữ "Frugal" ám chỉ phẩm chất gì?', 'Ngu ngốc', 'Nhút nhát', 'Kiêu ngạo', 'Tiết kiệm', 'D'),
(5, 'HARD', 'Trong ngữ cảnh học thuật, thuật ngữ "Benevolent" ám chỉ phẩm chất gì?', 'Cẩu thả', 'Lười biếng', 'Nhân từ', 'Nhút nhát', 'C'),
(5, 'HARD', 'Trong ngữ cảnh học thuật, thuật ngữ "Diligent" ám chỉ phẩm chất gì?', 'Siêng năng', 'Cẩu thả', 'Kiêu ngạo', 'Xấu xa', 'A'),
(5, 'HARD', 'Trong ngữ cảnh học thuật, thuật ngữ "Diligent" ám chỉ phẩm chất gì?', 'Nhút nhát', 'Phung phí', 'Lười biếng', 'Siêng năng', 'D'),
(5, 'HARD', 'Trong ngữ cảnh học thuật, thuật ngữ "Frugal" ám chỉ phẩm chất gì?', 'Nhút nhát', 'Cẩu thả', 'Tiết kiệm', 'Phung phí', 'C'),
(5, 'HARD', 'Trong ngữ cảnh học thuật, thuật ngữ "Gregarious" ám chỉ phẩm chất gì?', 'Ngu ngốc', 'Xấu xa', 'Hòa đồng', 'Nhút nhát', 'C'),
(5, 'HARD', 'Trong ngữ cảnh học thuật, thuật ngữ "Benevolent" ám chỉ phẩm chất gì?', 'Chậm chạp', 'Cẩu thả', 'Nhân từ', 'Lười biếng', 'C'),
(5, 'HARD', 'Trong ngữ cảnh học thuật, thuật ngữ "Diligent" ám chỉ phẩm chất gì?', 'Siêng năng', 'Ngu ngốc', 'Nhút nhát', 'Chậm chạp', 'A'),
(5, 'HARD', 'Trong ngữ cảnh học thuật, thuật ngữ "Candid" ám chỉ phẩm chất gì?', 'Phung phí', 'Thành thật', 'Cẩu thả', 'Lười biếng', 'B'),
(5, 'HARD', 'Trong ngữ cảnh học thuật, thuật ngữ "Humble" ám chỉ phẩm chất gì?', 'Nhút nhát', 'Ngu ngốc', 'Khiêm tốn', 'Chậm chạp', 'C'),
(5, 'HARD', 'Trong ngữ cảnh học thuật, thuật ngữ "Candid" ám chỉ phẩm chất gì?', 'Ngu ngốc', 'Thành thật', 'Lười biếng', 'Cẩu thả', 'B'),
(5, 'HARD', 'Trong ngữ cảnh học thuật, thuật ngữ "Candid" ám chỉ phẩm chất gì?', 'Nhút nhát', 'Xấu xa', 'Chậm chạp', 'Thành thật', 'D'),
(5, 'HARD', 'Trong ngữ cảnh học thuật, thuật ngữ "Eloquent" ám chỉ phẩm chất gì?', 'Hùng biện', 'Kiêu ngạo', 'Nhút nhát', 'Cẩu thả', 'A'),
(5, 'HARD', 'Trong ngữ cảnh học thuật, thuật ngữ "Gregarious" ám chỉ phẩm chất gì?', 'Nhút nhát', 'Hòa đồng', 'Cẩu thả', 'Lười biếng', 'B'),
(5, 'HARD', 'Trong ngữ cảnh học thuật, thuật ngữ "Frugal" ám chỉ phẩm chất gì?', 'Ngu ngốc', 'Tiết kiệm', 'Phung phí', 'Cẩu thả', 'B'),
(5, 'HARD', 'Trong ngữ cảnh học thuật, thuật ngữ "Diligent" ám chỉ phẩm chất gì?', 'Xấu xa', 'Ngu ngốc', 'Chậm chạp', 'Siêng năng', 'D'),
(5, 'HARD', 'Trong ngữ cảnh học thuật, thuật ngữ "Agile" ám chỉ phẩm chất gì?', 'Phung phí', 'Chậm chạp', 'Nhút nhát', 'Nhanh nhẹn', 'D'),
(5, 'HARD', 'Trong ngữ cảnh học thuật, thuật ngữ "Humble" ám chỉ phẩm chất gì?', 'Phung phí', 'Cẩu thả', 'Khiêm tốn', 'Ngu ngốc', 'C'),
(5, 'HARD', 'Trong ngữ cảnh học thuật, thuật ngữ "Eloquent" ám chỉ phẩm chất gì?', 'Hùng biện', 'Cẩu thả', 'Xấu xa', 'Ngu ngốc', 'A'),
(5, 'HARD', 'Trong ngữ cảnh học thuật, thuật ngữ "Humble" ám chỉ phẩm chất gì?', 'Ngu ngốc', 'Lười biếng', 'Cẩu thả', 'Khiêm tốn', 'D'),
(5, 'HARD', 'Trong ngữ cảnh học thuật, thuật ngữ "Benevolent" ám chỉ phẩm chất gì?', 'Nhân từ', 'Kiêu ngạo', 'Ngu ngốc', 'Lười biếng', 'A'),
(5, 'HARD', 'Trong ngữ cảnh học thuật, thuật ngữ "Diligent" ám chỉ phẩm chất gì?', 'Siêng năng', 'Phung phí', 'Ngu ngốc', 'Lười biếng', 'A'),
(5, 'HARD', 'Trong ngữ cảnh học thuật, thuật ngữ "Intrepid" ám chỉ phẩm chất gì?', 'Ngu ngốc', 'Dũng cảm', 'Lười biếng', 'Nhút nhát', 'B'),
(5, 'HARD', 'Trong ngữ cảnh học thuật, thuật ngữ "Frugal" ám chỉ phẩm chất gì?', 'Nhút nhát', 'Chậm chạp', 'Tiết kiệm', 'Phung phí', 'C'),
(5, 'HARD', 'Trong ngữ cảnh học thuật, thuật ngữ "Intrepid" ám chỉ phẩm chất gì?', 'Kiêu ngạo', 'Cẩu thả', 'Dũng cảm', 'Xấu xa', 'C'),
(5, 'HARD', 'Trong ngữ cảnh học thuật, thuật ngữ "Benevolent" ám chỉ phẩm chất gì?', 'Chậm chạp', 'Kiêu ngạo', 'Phung phí', 'Nhân từ', 'D'),
(5, 'HARD', 'Trong ngữ cảnh học thuật, thuật ngữ "Intrepid" ám chỉ phẩm chất gì?', 'Xấu xa', 'Ngu ngốc', 'Dũng cảm', 'Lười biếng', 'C'),
(5, 'HARD', 'Trong ngữ cảnh học thuật, thuật ngữ "Diligent" ám chỉ phẩm chất gì?', 'Siêng năng', 'Kiêu ngạo', 'Ngu ngốc', 'Nhút nhát', 'A'),
(5, 'HARD', 'Trong ngữ cảnh học thuật, thuật ngữ "Eloquent" ám chỉ phẩm chất gì?', 'Hùng biện', 'Cẩu thả', 'Kiêu ngạo', 'Phung phí', 'A'),
(5, 'HARD', 'Trong ngữ cảnh học thuật, thuật ngữ "Gregarious" ám chỉ phẩm chất gì?', 'Phung phí', 'Ngu ngốc', 'Lười biếng', 'Hòa đồng', 'D'),
(6, 'EASY', 'Một vật có khối lượng 2 kg chuyển động với gia tốc 6 m/s2. Lực tác dụng lên vật là?', '89 N', '12 N', '57 N', '63 N', 'B'),
(6, 'EASY', 'Một vật có khối lượng 11 kg chuyển động với gia tốc 8 m/s2. Lực tác dụng lên vật là?', '150 N', '179 N', '88 N', '143 N', 'C'),
(6, 'EASY', 'Một vật có khối lượng 13 kg chuyển động với gia tốc 3 m/s2. Lực tác dụng lên vật là?', '39 N', '51 N', '22 N', '91 N', 'A'),
(6, 'EASY', 'Một vật có khối lượng 19 kg chuyển động với gia tốc 9 m/s2. Lực tác dụng lên vật là?', '110 N', '164 N', '152 N', '171 N', 'D'),
(6, 'EASY', 'Một vật có khối lượng 5 kg chuyển động với gia tốc 10 m/s2. Lực tác dụng lên vật là?', '50 N', '103 N', '84 N', '146 N', 'A'),
(6, 'EASY', 'Một vật có khối lượng 10 kg chuyển động với gia tốc 6 m/s2. Lực tác dụng lên vật là?', '60 N', '160 N', '38 N', '102 N', 'A'),
(6, 'EASY', 'Một vật có khối lượng 9 kg chuyển động với gia tốc 5 m/s2. Lực tác dụng lên vật là?', '123 N', '45 N', '103 N', '62 N', 'B'),
(6, 'EASY', 'Một vật có khối lượng 8 kg chuyển động với gia tốc 10 m/s2. Lực tác dụng lên vật là?', '151 N', '178 N', '80 N', '101 N', 'C'),
(6, 'EASY', 'Một vật có khối lượng 19 kg chuyển động với gia tốc 5 m/s2. Lực tác dụng lên vật là?', '89 N', '186 N', '110 N', '95 N', 'D'),
(6, 'EASY', 'Một vật có khối lượng 18 kg chuyển động với gia tốc 7 m/s2. Lực tác dụng lên vật là?', '74 N', '126 N', '115 N', '20 N', 'B'),
(6, 'EASY', 'Một vật có khối lượng 12 kg chuyển động với gia tốc 2 m/s2. Lực tác dụng lên vật là?', '24 N', '31 N', '180 N', '144 N', 'A'),
(6, 'EASY', 'Một vật có khối lượng 17 kg chuyển động với gia tốc 3 m/s2. Lực tác dụng lên vật là?', '18 N', '177 N', '51 N', '94 N', 'C'),
(6, 'EASY', 'Một vật có khối lượng 3 kg chuyển động với gia tốc 2 m/s2. Lực tác dụng lên vật là?', '130 N', '196 N', '39 N', '6 N', 'D'),
(6, 'EASY', 'Một vật có khối lượng 7 kg chuyển động với gia tốc 4 m/s2. Lực tác dụng lên vật là?', '70 N', '193 N', '32 N', '28 N', 'D'),
(6, 'EASY', 'Một vật có khối lượng 8 kg chuyển động với gia tốc 9 m/s2. Lực tác dụng lên vật là?', '72 N', '130 N', '181 N', '36 N', 'A'),
(6, 'EASY', 'Một vật có khối lượng 18 kg chuyển động với gia tốc 10 m/s2. Lực tác dụng lên vật là?', '121 N', '96 N', '41 N', '180 N', 'D'),
(6, 'EASY', 'Một vật có khối lượng 11 kg chuyển động với gia tốc 6 m/s2. Lực tác dụng lên vật là?', '139 N', '168 N', '66 N', '166 N', 'C'),
(6, 'EASY', 'Một vật có khối lượng 17 kg chuyển động với gia tốc 6 m/s2. Lực tác dụng lên vật là?', '102 N', '30 N', '47 N', '198 N', 'A'),
(6, 'EASY', 'Một vật có khối lượng 12 kg chuyển động với gia tốc 6 m/s2. Lực tác dụng lên vật là?', '27 N', '53 N', '73 N', '72 N', 'D'),
(6, 'EASY', 'Một vật có khối lượng 18 kg chuyển động với gia tốc 10 m/s2. Lực tác dụng lên vật là?', '147 N', '159 N', '158 N', '180 N', 'D'),
(6, 'EASY', 'Một vật có khối lượng 19 kg chuyển động với gia tốc 3 m/s2. Lực tác dụng lên vật là?', '158 N', '57 N', '67 N', '183 N', 'B'),
(6, 'EASY', 'Một vật có khối lượng 2 kg chuyển động với gia tốc 9 m/s2. Lực tác dụng lên vật là?', '200 N', '184 N', '104 N', '18 N', 'D'),
(6, 'EASY', 'Một vật có khối lượng 5 kg chuyển động với gia tốc 3 m/s2. Lực tác dụng lên vật là?', '109 N', '90 N', '156 N', '15 N', 'D'),
(6, 'EASY', 'Một vật có khối lượng 18 kg chuyển động với gia tốc 8 m/s2. Lực tác dụng lên vật là?', '47 N', '135 N', '144 N', '34 N', 'C'),
(6, 'EASY', 'Một vật có khối lượng 19 kg chuyển động với gia tốc 2 m/s2. Lực tác dụng lên vật là?', '38 N', '62 N', '40 N', '93 N', 'A'),
(6, 'EASY', 'Một vật có khối lượng 2 kg chuyển động với gia tốc 8 m/s2. Lực tác dụng lên vật là?', '128 N', '136 N', '144 N', '16 N', 'D'),
(6, 'EASY', 'Một vật có khối lượng 13 kg chuyển động với gia tốc 10 m/s2. Lực tác dụng lên vật là?', '130 N', '111 N', '144 N', '48 N', 'A'),
(6, 'EASY', 'Một vật có khối lượng 9 kg chuyển động với gia tốc 2 m/s2. Lực tác dụng lên vật là?', '125 N', '174 N', '18 N', '124 N', 'C'),
(6, 'EASY', 'Một vật có khối lượng 12 kg chuyển động với gia tốc 5 m/s2. Lực tác dụng lên vật là?', '103 N', '60 N', '94 N', '153 N', 'B'),
(6, 'EASY', 'Một vật có khối lượng 10 kg chuyển động với gia tốc 6 m/s2. Lực tác dụng lên vật là?', '16 N', '60 N', '195 N', '122 N', 'B'),
(6, 'EASY', 'Một vật có khối lượng 10 kg chuyển động với gia tốc 5 m/s2. Lực tác dụng lên vật là?', '109 N', '50 N', '142 N', '58 N', 'B'),
(6, 'EASY', 'Một vật có khối lượng 11 kg chuyển động với gia tốc 6 m/s2. Lực tác dụng lên vật là?', '44 N', '79 N', '174 N', '66 N', 'D'),
(6, 'EASY', 'Một vật có khối lượng 6 kg chuyển động với gia tốc 4 m/s2. Lực tác dụng lên vật là?', '121 N', '136 N', '81 N', '24 N', 'D'),
(6, 'EASY', 'Một vật có khối lượng 4 kg chuyển động với gia tốc 10 m/s2. Lực tác dụng lên vật là?', '40 N', '200 N', '69 N', '170 N', 'A'),
(6, 'EASY', 'Một vật có khối lượng 5 kg chuyển động với gia tốc 9 m/s2. Lực tác dụng lên vật là?', '45 N', '65 N', '171 N', '14 N', 'A'),
(6, 'EASY', 'Một vật có khối lượng 18 kg chuyển động với gia tốc 10 m/s2. Lực tác dụng lên vật là?', '180 N', '46 N', '54 N', '194 N', 'A'),
(6, 'EASY', 'Một vật có khối lượng 15 kg chuyển động với gia tốc 4 m/s2. Lực tác dụng lên vật là?', '101 N', '74 N', '60 N', '187 N', 'C'),
(6, 'MEDIUM', 'Kéo một vật bằng lực 46 N đi được quãng đường 25 m cùng hướng lực. Công sinh ra là?', '130 J', '511 J', '4171 J', '1150 J', 'D'),
(6, 'MEDIUM', 'Kéo một vật bằng lực 32 N đi được quãng đường 5 m cùng hướng lực. Công sinh ra là?', '637 J', '160 J', '2213 J', '3861 J', 'B'),
(6, 'MEDIUM', 'Kéo một vật bằng lực 19 N đi được quãng đường 46 m cùng hướng lực. Công sinh ra là?', '4641 J', '1825 J', '874 J', '565 J', 'C'),
(6, 'MEDIUM', 'Kéo một vật bằng lực 97 N đi được quãng đường 24 m cùng hướng lực. Công sinh ra là?', '1633 J', '2328 J', '3546 J', '3641 J', 'B'),
(6, 'MEDIUM', 'Kéo một vật bằng lực 12 N đi được quãng đường 9 m cùng hướng lực. Công sinh ra là?', '3431 J', '2436 J', '108 J', '242 J', 'C'),
(6, 'MEDIUM', 'Kéo một vật bằng lực 98 N đi được quãng đường 40 m cùng hướng lực. Công sinh ra là?', '4583 J', '1361 J', '241 J', '3920 J', 'D'),
(6, 'MEDIUM', 'Kéo một vật bằng lực 88 N đi được quãng đường 14 m cùng hướng lực. Công sinh ra là?', '2020 J', '1232 J', '550 J', '3626 J', 'B'),
(6, 'MEDIUM', 'Kéo một vật bằng lực 86 N đi được quãng đường 34 m cùng hướng lực. Công sinh ra là?', '4546 J', '1098 J', '931 J', '2924 J', 'D'),
(6, 'MEDIUM', 'Kéo một vật bằng lực 76 N đi được quãng đường 30 m cùng hướng lực. Công sinh ra là?', '2653 J', '4116 J', '2280 J', '2565 J', 'C'),
(6, 'MEDIUM', 'Kéo một vật bằng lực 51 N đi được quãng đường 26 m cùng hướng lực. Công sinh ra là?', '442 J', '1326 J', '4392 J', '3583 J', 'B'),
(6, 'MEDIUM', 'Kéo một vật bằng lực 38 N đi được quãng đường 38 m cùng hướng lực. Công sinh ra là?', '4904 J', '1444 J', '3405 J', '4518 J', 'B'),
(6, 'MEDIUM', 'Kéo một vật bằng lực 97 N đi được quãng đường 9 m cùng hướng lực. Công sinh ra là?', '2133 J', '1349 J', '873 J', '3973 J', 'C'),
(6, 'MEDIUM', 'Kéo một vật bằng lực 91 N đi được quãng đường 34 m cùng hướng lực. Công sinh ra là?', '1619 J', '4041 J', '3094 J', '1775 J', 'C'),
(6, 'MEDIUM', 'Kéo một vật bằng lực 97 N đi được quãng đường 13 m cùng hướng lực. Công sinh ra là?', '1261 J', '1314 J', '872 J', '3019 J', 'A'),
(6, 'MEDIUM', 'Kéo một vật bằng lực 94 N đi được quãng đường 36 m cùng hướng lực. Công sinh ra là?', '3384 J', '1564 J', '1915 J', '3819 J', 'A'),
(6, 'MEDIUM', 'Kéo một vật bằng lực 36 N đi được quãng đường 9 m cùng hướng lực. Công sinh ra là?', '324 J', '1187 J', '522 J', '506 J', 'A'),
(6, 'MEDIUM', 'Kéo một vật bằng lực 73 N đi được quãng đường 41 m cùng hướng lực. Công sinh ra là?', '498 J', '2993 J', '2329 J', '284 J', 'B'),
(6, 'MEDIUM', 'Kéo một vật bằng lực 54 N đi được quãng đường 35 m cùng hướng lực. Công sinh ra là?', '1890 J', '873 J', '3500 J', '2229 J', 'A'),
(6, 'MEDIUM', 'Kéo một vật bằng lực 79 N đi được quãng đường 26 m cùng hướng lực. Công sinh ra là?', '3507 J', '2054 J', '3199 J', '3843 J', 'B'),
(6, 'MEDIUM', 'Kéo một vật bằng lực 97 N đi được quãng đường 34 m cùng hướng lực. Công sinh ra là?', '2208 J', '790 J', '3298 J', '4256 J', 'C'),
(6, 'MEDIUM', 'Kéo một vật bằng lực 14 N đi được quãng đường 5 m cùng hướng lực. Công sinh ra là?', '4860 J', '70 J', '1238 J', '2584 J', 'B'),
(6, 'MEDIUM', 'Kéo một vật bằng lực 83 N đi được quãng đường 10 m cùng hướng lực. Công sinh ra là?', '631 J', '3685 J', '581 J', '830 J', 'D'),
(6, 'MEDIUM', 'Kéo một vật bằng lực 100 N đi được quãng đường 12 m cùng hướng lực. Công sinh ra là?', '3388 J', '4835 J', '1127 J', '1200 J', 'D'),
(6, 'MEDIUM', 'Kéo một vật bằng lực 49 N đi được quãng đường 46 m cùng hướng lực. Công sinh ra là?', '1180 J', '3182 J', '2254 J', '718 J', 'C'),
(6, 'MEDIUM', 'Kéo một vật bằng lực 50 N đi được quãng đường 34 m cùng hướng lực. Công sinh ra là?', '1437 J', '1700 J', '4865 J', '4689 J', 'B'),
(6, 'MEDIUM', 'Kéo một vật bằng lực 87 N đi được quãng đường 40 m cùng hướng lực. Công sinh ra là?', '4279 J', '3480 J', '2717 J', '4785 J', 'B'),
(6, 'MEDIUM', 'Kéo một vật bằng lực 19 N đi được quãng đường 19 m cùng hướng lực. Công sinh ra là?', '4818 J', '1749 J', '121 J', '361 J', 'D'),
(6, 'MEDIUM', 'Kéo một vật bằng lực 73 N đi được quãng đường 24 m cùng hướng lực. Công sinh ra là?', '333 J', '2614 J', '1752 J', '1210 J', 'C'),
(6, 'MEDIUM', 'Kéo một vật bằng lực 98 N đi được quãng đường 9 m cùng hướng lực. Công sinh ra là?', '3895 J', '2050 J', '882 J', '2296 J', 'C'),
(6, 'MEDIUM', 'Kéo một vật bằng lực 72 N đi được quãng đường 29 m cùng hướng lực. Công sinh ra là?', '200 J', '2088 J', '4751 J', '114 J', 'B'),
(6, 'MEDIUM', 'Kéo một vật bằng lực 81 N đi được quãng đường 8 m cùng hướng lực. Công sinh ra là?', '755 J', '2790 J', '648 J', '3085 J', 'C'),
(6, 'MEDIUM', 'Kéo một vật bằng lực 81 N đi được quãng đường 27 m cùng hướng lực. Công sinh ra là?', '2187 J', '3910 J', '713 J', '2131 J', 'A'),
(6, 'MEDIUM', 'Kéo một vật bằng lực 87 N đi được quãng đường 19 m cùng hướng lực. Công sinh ra là?', '1653 J', '2358 J', '115 J', '4788 J', 'A'),
(6, 'MEDIUM', 'Kéo một vật bằng lực 79 N đi được quãng đường 28 m cùng hướng lực. Công sinh ra là?', '4841 J', '4731 J', '1331 J', '2212 J', 'D'),
(6, 'MEDIUM', 'Kéo một vật bằng lực 52 N đi được quãng đường 30 m cùng hướng lực. Công sinh ra là?', '1560 J', '3648 J', '4156 J', '3467 J', 'A'),
(6, 'MEDIUM', 'Kéo một vật bằng lực 96 N đi được quãng đường 48 m cùng hướng lực. Công sinh ra là?', '4798 J', '4057 J', '4608 J', '1512 J', 'C'),
(6, 'MEDIUM', 'Kéo một vật bằng lực 95 N đi được quãng đường 35 m cùng hướng lực. Công sinh ra là?', '3325 J', '3730 J', '3583 J', '2748 J', 'A'),
(6, 'HARD', 'Động năng của một vật khối lượng 9 kg đang chạy với vận tốc 21 m/s là bao nhiêu?', '950 J', '3288 J', '1984.5 J', '1698 J', 'C'),
(6, 'HARD', 'Động năng của một vật khối lượng 7 kg đang chạy với vận tốc 28 m/s là bao nhiêu?', '4434 J', '1039 J', '2744.0 J', '4666 J', 'C'),
(6, 'HARD', 'Động năng của một vật khối lượng 6 kg đang chạy với vận tốc 8 m/s là bao nhiêu?', '192.0 J', '4627 J', '4492 J', '367 J', 'A'),
(6, 'HARD', 'Động năng của một vật khối lượng 9 kg đang chạy với vận tốc 6 m/s là bao nhiêu?', '4786 J', '162.0 J', '3688 J', '1870 J', 'B'),
(6, 'HARD', 'Động năng của một vật khối lượng 9 kg đang chạy với vận tốc 25 m/s là bao nhiêu?', '3265 J', '1537 J', '300 J', '2812.5 J', 'D'),
(6, 'HARD', 'Động năng của một vật khối lượng 1 kg đang chạy với vận tốc 21 m/s là bao nhiêu?', '220.5 J', '426 J', '2957 J', '364 J', 'A'),
(6, 'HARD', 'Động năng của một vật khối lượng 10 kg đang chạy với vận tốc 24 m/s là bao nhiêu?', '2880.0 J', '4808 J', '718 J', '3264 J', 'A'),
(6, 'HARD', 'Động năng của một vật khối lượng 10 kg đang chạy với vận tốc 26 m/s là bao nhiêu?', '4845 J', '3380.0 J', '1892 J', '4358 J', 'B'),
(6, 'HARD', 'Động năng của một vật khối lượng 2 kg đang chạy với vận tốc 28 m/s là bao nhiêu?', '3281 J', '1250 J', '784.0 J', '3547 J', 'C'),
(6, 'HARD', 'Động năng của một vật khối lượng 5 kg đang chạy với vận tốc 24 m/s là bao nhiêu?', '4626 J', '1440.0 J', '484 J', '2665 J', 'B'),
(6, 'HARD', 'Động năng của một vật khối lượng 7 kg đang chạy với vận tốc 9 m/s là bao nhiêu?', '283.5 J', '2115 J', '3407 J', '456 J', 'A'),
(6, 'HARD', 'Động năng của một vật khối lượng 6 kg đang chạy với vận tốc 20 m/s là bao nhiêu?', '3449 J', '91 J', '4057 J', '1200.0 J', 'D'),
(6, 'HARD', 'Động năng của một vật khối lượng 8 kg đang chạy với vận tốc 19 m/s là bao nhiêu?', '1444.0 J', '248 J', '3069 J', '978 J', 'A'),
(6, 'HARD', 'Động năng của một vật khối lượng 10 kg đang chạy với vận tốc 7 m/s là bao nhiêu?', '4717 J', '245.0 J', '4802 J', '739 J', 'B'),
(6, 'HARD', 'Động năng của một vật khối lượng 8 kg đang chạy với vận tốc 10 m/s là bao nhiêu?', '2097 J', '2867 J', '2298 J', '400.0 J', 'D'),
(6, 'HARD', 'Động năng của một vật khối lượng 1 kg đang chạy với vận tốc 6 m/s là bao nhiêu?', '1752 J', '4721 J', '1047 J', '18.0 J', 'D'),
(6, 'HARD', 'Động năng của một vật khối lượng 6 kg đang chạy với vận tốc 25 m/s là bao nhiêu?', '3674 J', '1229 J', '749 J', '1875.0 J', 'D'),
(6, 'HARD', 'Động năng của một vật khối lượng 8 kg đang chạy với vận tốc 9 m/s là bao nhiêu?', '4163 J', '324.0 J', '1449 J', '3527 J', 'B'),
(6, 'HARD', 'Động năng của một vật khối lượng 4 kg đang chạy với vận tốc 8 m/s là bao nhiêu?', '355 J', '128.0 J', '3432 J', '4093 J', 'B'),
(6, 'HARD', 'Động năng của một vật khối lượng 2 kg đang chạy với vận tốc 24 m/s là bao nhiêu?', '1244 J', '2430 J', '4718 J', '576.0 J', 'D'),
(6, 'HARD', 'Động năng của một vật khối lượng 5 kg đang chạy với vận tốc 12 m/s là bao nhiêu?', '4825 J', '360.0 J', '4447 J', '1955 J', 'B'),
(6, 'HARD', 'Động năng của một vật khối lượng 5 kg đang chạy với vận tốc 14 m/s là bao nhiêu?', '4681 J', '490.0 J', '3219 J', '4067 J', 'B'),
(6, 'HARD', 'Động năng của một vật khối lượng 1 kg đang chạy với vận tốc 18 m/s là bao nhiêu?', '518 J', '1838 J', '162.0 J', '1068 J', 'C'),
(6, 'HARD', 'Động năng của một vật khối lượng 6 kg đang chạy với vận tốc 10 m/s là bao nhiêu?', '179 J', '361 J', '189 J', '300.0 J', 'D'),
(6, 'HARD', 'Động năng của một vật khối lượng 2 kg đang chạy với vận tốc 29 m/s là bao nhiêu?', '2749 J', '1281 J', '841.0 J', '3494 J', 'C'),
(6, 'HARD', 'Động năng của một vật khối lượng 9 kg đang chạy với vận tốc 18 m/s là bao nhiêu?', '4602 J', '2969 J', '1458.0 J', '58 J', 'C'),
(6, 'HARD', 'Động năng của một vật khối lượng 9 kg đang chạy với vận tốc 29 m/s là bao nhiêu?', '1322 J', '585 J', '3784.5 J', '2454 J', 'C'),
(6, 'HARD', 'Động năng của một vật khối lượng 5 kg đang chạy với vận tốc 6 m/s là bao nhiêu?', '90.0 J', '4494 J', '4292 J', '3322 J', 'A'),
(6, 'HARD', 'Động năng của một vật khối lượng 8 kg đang chạy với vận tốc 20 m/s là bao nhiêu?', '3231 J', '2595 J', '2429 J', '1600.0 J', 'D'),
(6, 'HARD', 'Động năng của một vật khối lượng 8 kg đang chạy với vận tốc 15 m/s là bao nhiêu?', '764 J', '4341 J', '900.0 J', '1968 J', 'C'),
(6, 'HARD', 'Động năng của một vật khối lượng 10 kg đang chạy với vận tốc 30 m/s là bao nhiêu?', '4500.0 J', '3243 J', '3201 J', '1529 J', 'A'),
(6, 'HARD', 'Động năng của một vật khối lượng 10 kg đang chạy với vận tốc 16 m/s là bao nhiêu?', '1280.0 J', '181 J', '4681 J', '206 J', 'A'),
(6, 'HARD', 'Động năng của một vật khối lượng 3 kg đang chạy với vận tốc 14 m/s là bao nhiêu?', '2049 J', '1777 J', '4161 J', '294.0 J', 'D'),
(6, 'HARD', 'Động năng của một vật khối lượng 2 kg đang chạy với vận tốc 17 m/s là bao nhiêu?', '1443 J', '2480 J', '289.0 J', '3486 J', 'C'),
(6, 'HARD', 'Động năng của một vật khối lượng 6 kg đang chạy với vận tốc 30 m/s là bao nhiêu?', '795 J', '3067 J', '2700.0 J', '1521 J', 'C'),
(6, 'HARD', 'Động năng của một vật khối lượng 8 kg đang chạy với vận tốc 27 m/s là bao nhiêu?', '4647 J', '1750 J', '2916.0 J', '3107 J', 'C'),
(6, 'HARD', 'Động năng của một vật khối lượng 2 kg đang chạy với vận tốc 23 m/s là bao nhiêu?', '1325 J', '529.0 J', '1671 J', '3991 J', 'B'),
(7, 'EASY', 'Khối lượng của 2 mol nước (H2O) là bao nhiêu gam?', '123 g', '150 g', '43 g', '36 g', 'D'),
(7, 'EASY', 'Khối lượng của 3 mol nước (H2O) là bao nhiêu gam?', '54 g', '178 g', '110 g', '190 g', 'A'),
(7, 'EASY', 'Khối lượng của 14 mol nước (H2O) là bao nhiêu gam?', '252 g', '191 g', '142 g', '159 g', 'A'),
(7, 'EASY', 'Khối lượng của 12 mol nước (H2O) là bao nhiêu gam?', '216 g', '126 g', '228 g', '239 g', 'A'),
(7, 'EASY', 'Khối lượng của 12 mol nước (H2O) là bao nhiêu gam?', '216 g', '248 g', '97 g', '199 g', 'A'),
(7, 'EASY', 'Khối lượng của 3 mol nước (H2O) là bao nhiêu gam?', '124 g', '54 g', '151 g', '220 g', 'B'),
(7, 'EASY', 'Khối lượng của 8 mol nước (H2O) là bao nhiêu gam?', '137 g', '227 g', '144 g', '120 g', 'C'),
(7, 'EASY', 'Khối lượng của 15 mol nước (H2O) là bao nhiêu gam?', '74 g', '37 g', '270 g', '209 g', 'C'),
(7, 'EASY', 'Khối lượng của 11 mol nước (H2O) là bao nhiêu gam?', '64 g', '61 g', '198 g', '223 g', 'C'),
(7, 'EASY', 'Khối lượng của 6 mol nước (H2O) là bao nhiêu gam?', '165 g', '108 g', '53 g', '162 g', 'B'),
(7, 'EASY', 'Khối lượng của 10 mol nước (H2O) là bao nhiêu gam?', '274 g', '101 g', '180 g', '276 g', 'C'),
(7, 'EASY', 'Khối lượng của 12 mol nước (H2O) là bao nhiêu gam?', '76 g', '216 g', '154 g', '145 g', 'B'),
(7, 'EASY', 'Khối lượng của 13 mol nước (H2O) là bao nhiêu gam?', '88 g', '134 g', '156 g', '234 g', 'D'),
(7, 'EASY', 'Khối lượng của 4 mol nước (H2O) là bao nhiêu gam?', '72 g', '290 g', '139 g', '218 g', 'A'),
(7, 'EASY', 'Khối lượng của 10 mol nước (H2O) là bao nhiêu gam?', '180 g', '277 g', '182 g', '207 g', 'A'),
(7, 'EASY', 'Khối lượng của 2 mol nước (H2O) là bao nhiêu gam?', '39 g', '253 g', '36 g', '30 g', 'C'),
(7, 'EASY', 'Khối lượng của 5 mol nước (H2O) là bao nhiêu gam?', '90 g', '210 g', '153 g', '155 g', 'A'),
(7, 'EASY', 'Khối lượng của 11 mol nước (H2O) là bao nhiêu gam?', '296 g', '133 g', '198 g', '288 g', 'C'),
(7, 'EASY', 'Khối lượng của 15 mol nước (H2O) là bao nhiêu gam?', '270 g', '207 g', '133 g', '261 g', 'A'),
(7, 'EASY', 'Khối lượng của 6 mol nước (H2O) là bao nhiêu gam?', '145 g', '241 g', '108 g', '38 g', 'C'),
(7, 'EASY', 'Khối lượng của 13 mol nước (H2O) là bao nhiêu gam?', '136 g', '101 g', '234 g', '296 g', 'C'),
(7, 'EASY', 'Khối lượng của 7 mol nước (H2O) là bao nhiêu gam?', '249 g', '233 g', '126 g', '163 g', 'C'),
(7, 'EASY', 'Khối lượng của 14 mol nước (H2O) là bao nhiêu gam?', '175 g', '256 g', '252 g', '156 g', 'C'),
(7, 'EASY', 'Khối lượng của 8 mol nước (H2O) là bao nhiêu gam?', '204 g', '144 g', '96 g', '110 g', 'B'),
(7, 'EASY', 'Khối lượng của 7 mol nước (H2O) là bao nhiêu gam?', '167 g', '126 g', '219 g', '58 g', 'B'),
(7, 'EASY', 'Khối lượng của 5 mol nước (H2O) là bao nhiêu gam?', '174 g', '142 g', '61 g', '90 g', 'D'),
(7, 'EASY', 'Khối lượng của 10 mol nước (H2O) là bao nhiêu gam?', '131 g', '180 g', '105 g', '254 g', 'B'),
(7, 'EASY', 'Khối lượng của 10 mol nước (H2O) là bao nhiêu gam?', '180 g', '33 g', '287 g', '79 g', 'A'),
(7, 'EASY', 'Khối lượng của 2 mol nước (H2O) là bao nhiêu gam?', '36 g', '74 g', '37 g', '192 g', 'A'),
(7, 'EASY', 'Khối lượng của 12 mol nước (H2O) là bao nhiêu gam?', '286 g', '25 g', '102 g', '216 g', 'D'),
(7, 'EASY', 'Khối lượng của 3 mol nước (H2O) là bao nhiêu gam?', '204 g', '54 g', '28 g', '102 g', 'B'),
(7, 'EASY', 'Khối lượng của 14 mol nước (H2O) là bao nhiêu gam?', '276 g', '175 g', '216 g', '252 g', 'D'),
(7, 'EASY', 'Khối lượng của 2 mol nước (H2O) là bao nhiêu gam?', '36 g', '174 g', '295 g', '71 g', 'A'),
(7, 'EASY', 'Khối lượng của 14 mol nước (H2O) là bao nhiêu gam?', '295 g', '252 g', '202 g', '180 g', 'B'),
(7, 'EASY', 'Khối lượng của 6 mol nước (H2O) là bao nhiêu gam?', '168 g', '285 g', '265 g', '108 g', 'D'),
(7, 'EASY', 'Khối lượng của 5 mol nước (H2O) là bao nhiêu gam?', '270 g', '42 g', '203 g', '90 g', 'D'),
(7, 'EASY', 'Khối lượng của 9 mol nước (H2O) là bao nhiêu gam?', '261 g', '186 g', '37 g', '162 g', 'D'),
(7, 'MEDIUM', 'Số mol tương ứng với 80 gam NaOH (M=40) là?', '2.0 mol', '5 mol', '30 mol', '6 mol', 'A'),
(7, 'MEDIUM', 'Số mol tương ứng với 800 gam NaOH (M=40) là?', '20.0 mol', '22 mol', '25 mol', '26 mol', 'A'),
(7, 'MEDIUM', 'Số mol tương ứng với 680 gam NaOH (M=40) là?', '17.0 mol', '20 mol', '14 mol', '17 mol', 'A'),
(7, 'MEDIUM', 'Số mol tương ứng với 480 gam NaOH (M=40) là?', '15 mol', '23 mol', '12.0 mol', '20 mol', 'C'),
(7, 'MEDIUM', 'Số mol tương ứng với 400 gam NaOH (M=40) là?', '28 mol', '10.0 mol', '24 mol', '9 mol', 'B'),
(7, 'MEDIUM', 'Số mol tương ứng với 560 gam NaOH (M=40) là?', '26 mol', '14.0 mol', '3 mol', '30 mol', 'B'),
(7, 'MEDIUM', 'Số mol tương ứng với 720 gam NaOH (M=40) là?', '20 mol', '19 mol', '21 mol', '18.0 mol', 'D'),
(7, 'MEDIUM', 'Số mol tương ứng với 200 gam NaOH (M=40) là?', '4 mol', '5.0 mol', '14 mol', '5 mol', 'B'),
(7, 'MEDIUM', 'Số mol tương ứng với 480 gam NaOH (M=40) là?', '18 mol', '3 mol', '12.0 mol', '11 mol', 'C'),
(7, 'MEDIUM', 'Số mol tương ứng với 240 gam NaOH (M=40) là?', '1 mol', '6.0 mol', '13 mol', '18 mol', 'B'),
(7, 'MEDIUM', 'Số mol tương ứng với 800 gam NaOH (M=40) là?', '20.0 mol', '24 mol', '5 mol', '28 mol', 'A'),
(7, 'MEDIUM', 'Số mol tương ứng với 440 gam NaOH (M=40) là?', '18 mol', '11.0 mol', '27 mol', '16 mol', 'B'),
(7, 'MEDIUM', 'Số mol tương ứng với 160 gam NaOH (M=40) là?', '22 mol', '4.0 mol', '2 mol', '16 mol', 'B'),
(7, 'MEDIUM', 'Số mol tương ứng với 680 gam NaOH (M=40) là?', '10 mol', '17.0 mol', '3 mol', '1 mol', 'B'),
(7, 'MEDIUM', 'Số mol tương ứng với 80 gam NaOH (M=40) là?', '23 mol', '18 mol', '15 mol', '2.0 mol', 'D'),
(7, 'MEDIUM', 'Số mol tương ứng với 160 gam NaOH (M=40) là?', '18 mol', '29 mol', '4.0 mol', '15 mol', 'C'),
(7, 'MEDIUM', 'Số mol tương ứng với 520 gam NaOH (M=40) là?', '12 mol', '1 mol', '13.0 mol', '21 mol', 'C'),
(7, 'MEDIUM', 'Số mol tương ứng với 520 gam NaOH (M=40) là?', '14 mol', '3 mol', '25 mol', '13.0 mol', 'D'),
(7, 'MEDIUM', 'Số mol tương ứng với 400 gam NaOH (M=40) là?', '14 mol', '30 mol', '10.0 mol', '13 mol', 'C'),
(7, 'MEDIUM', 'Số mol tương ứng với 720 gam NaOH (M=40) là?', '12 mol', '4 mol', '18.0 mol', '27 mol', 'C'),
(7, 'MEDIUM', 'Số mol tương ứng với 80 gam NaOH (M=40) là?', '30 mol', '17 mol', '10 mol', '2.0 mol', 'D'),
(7, 'MEDIUM', 'Số mol tương ứng với 360 gam NaOH (M=40) là?', '14 mol', '24 mol', '9.0 mol', '21 mol', 'C'),
(7, 'MEDIUM', 'Số mol tương ứng với 240 gam NaOH (M=40) là?', '30 mol', '6.0 mol', '12 mol', '9 mol', 'B'),
(7, 'MEDIUM', 'Số mol tương ứng với 680 gam NaOH (M=40) là?', '3 mol', '17.0 mol', '6 mol', '22 mol', 'B'),
(7, 'MEDIUM', 'Số mol tương ứng với 600 gam NaOH (M=40) là?', '22 mol', '19 mol', '15.0 mol', '28 mol', 'C'),
(7, 'MEDIUM', 'Số mol tương ứng với 80 gam NaOH (M=40) là?', '26 mol', '4 mol', '18 mol', '2.0 mol', 'D'),
(7, 'MEDIUM', 'Số mol tương ứng với 680 gam NaOH (M=40) là?', '6 mol', '3 mol', '16 mol', '17.0 mol', 'D'),
(7, 'MEDIUM', 'Số mol tương ứng với 80 gam NaOH (M=40) là?', '1 mol', '2.0 mol', '10 mol', '15 mol', 'B'),
(7, 'MEDIUM', 'Số mol tương ứng với 560 gam NaOH (M=40) là?', '24 mol', '28 mol', '22 mol', '14.0 mol', 'D'),
(7, 'MEDIUM', 'Số mol tương ứng với 760 gam NaOH (M=40) là?', '19.0 mol', '21 mol', '28 mol', '9 mol', 'A'),
(7, 'MEDIUM', 'Số mol tương ứng với 680 gam NaOH (M=40) là?', '10 mol', '17.0 mol', '13 mol', '30 mol', 'B'),
(7, 'MEDIUM', 'Số mol tương ứng với 520 gam NaOH (M=40) là?', '13.0 mol', '3 mol', '16 mol', '14 mol', 'A'),
(7, 'MEDIUM', 'Số mol tương ứng với 400 gam NaOH (M=40) là?', '28 mol', '7 mol', '5 mol', '10.0 mol', 'D'),
(7, 'MEDIUM', 'Số mol tương ứng với 400 gam NaOH (M=40) là?', '10.0 mol', '7 mol', '21 mol', '20 mol', 'A'),
(7, 'MEDIUM', 'Số mol tương ứng với 360 gam NaOH (M=40) là?', '12 mol', '6 mol', '27 mol', '9.0 mol', 'D'),
(7, 'MEDIUM', 'Số mol tương ứng với 520 gam NaOH (M=40) là?', '4 mol', '13.0 mol', '28 mol', '14 mol', 'B'),
(7, 'MEDIUM', 'Số mol tương ứng với 80 gam NaOH (M=40) là?', '10 mol', '5 mol', '27 mol', '2.0 mol', 'D'),
(7, 'HARD', 'Thể tích của 7 mol khí CO2 ở điều kiện chuẩn (25 độ C, 1 bar) là bao nhiêu lít?', '124.62 L', '173.53 L', '202.16 L', '144.8 L', 'B'),
(7, 'HARD', 'Thể tích của 7 mol khí CO2 ở điều kiện chuẩn (25 độ C, 1 bar) là bao nhiêu lít?', '72.42 L', '194.63 L', '17.45 L', '173.53 L', 'D'),
(7, 'HARD', 'Thể tích của 10 mol khí CO2 ở điều kiện chuẩn (25 độ C, 1 bar) là bao nhiêu lít?', '247.9 L', '215.49 L', '205.46 L', '217.26 L', 'A'),
(7, 'HARD', 'Thể tích của 3 mol khí CO2 ở điều kiện chuẩn (25 độ C, 1 bar) là bao nhiêu lít?', '74.37 L', '101.77 L', '265.71 L', '262.37 L', 'A'),
(7, 'HARD', 'Thể tích của 7 mol khí CO2 ở điều kiện chuẩn (25 độ C, 1 bar) là bao nhiêu lít?', '127.53 L', '173.53 L', '256.37 L', '76.97 L', 'B'),
(7, 'HARD', 'Thể tích của 2 mol khí CO2 ở điều kiện chuẩn (25 độ C, 1 bar) là bao nhiêu lít?', '45.39 L', '182.68 L', '49.58 L', '81.71 L', 'C'),
(7, 'HARD', 'Thể tích của 7 mol khí CO2 ở điều kiện chuẩn (25 độ C, 1 bar) là bao nhiêu lít?', '90.06 L', '173.53 L', '91.1 L', '175.38 L', 'B'),
(7, 'HARD', 'Thể tích của 3 mol khí CO2 ở điều kiện chuẩn (25 độ C, 1 bar) là bao nhiêu lít?', '165.97 L', '61.34 L', '74.37 L', '181.6 L', 'C'),
(7, 'HARD', 'Thể tích của 8 mol khí CO2 ở điều kiện chuẩn (25 độ C, 1 bar) là bao nhiêu lít?', '198.32 L', '295.38 L', '14.9 L', '180.23 L', 'A'),
(7, 'HARD', 'Thể tích của 7 mol khí CO2 ở điều kiện chuẩn (25 độ C, 1 bar) là bao nhiêu lít?', '173.53 L', '12.79 L', '150.77 L', '65.13 L', 'A'),
(7, 'HARD', 'Thể tích của 3 mol khí CO2 ở điều kiện chuẩn (25 độ C, 1 bar) là bao nhiêu lít?', '208.03 L', '256.53 L', '74.37 L', '79.03 L', 'C'),
(7, 'HARD', 'Thể tích của 10 mol khí CO2 ở điều kiện chuẩn (25 độ C, 1 bar) là bao nhiêu lít?', '247.9 L', '163.02 L', '169.24 L', '169.58 L', 'A'),
(7, 'HARD', 'Thể tích của 2 mol khí CO2 ở điều kiện chuẩn (25 độ C, 1 bar) là bao nhiêu lít?', '118.9 L', '278.69 L', '184.99 L', '49.58 L', 'D'),
(7, 'HARD', 'Thể tích của 9 mol khí CO2 ở điều kiện chuẩn (25 độ C, 1 bar) là bao nhiêu lít?', '53.54 L', '167.85 L', '292.01 L', '223.11 L', 'D'),
(7, 'HARD', 'Thể tích của 6 mol khí CO2 ở điều kiện chuẩn (25 độ C, 1 bar) là bao nhiêu lít?', '182.44 L', '209.69 L', '64.98 L', '148.74 L', 'D'),
(7, 'HARD', 'Thể tích của 6 mol khí CO2 ở điều kiện chuẩn (25 độ C, 1 bar) là bao nhiêu lít?', '115.21 L', '148.74 L', '111.45 L', '270.85 L', 'B'),
(7, 'HARD', 'Thể tích của 4 mol khí CO2 ở điều kiện chuẩn (25 độ C, 1 bar) là bao nhiêu lít?', '99.16 L', '188.67 L', '37.63 L', '135.74 L', 'A'),
(7, 'HARD', 'Thể tích của 2 mol khí CO2 ở điều kiện chuẩn (25 độ C, 1 bar) là bao nhiêu lít?', '49.58 L', '24.74 L', '87.4 L', '74.34 L', 'A'),
(7, 'HARD', 'Thể tích của 2 mol khí CO2 ở điều kiện chuẩn (25 độ C, 1 bar) là bao nhiêu lít?', '49.58 L', '288.21 L', '19.43 L', '230.38 L', 'A'),
(7, 'HARD', 'Thể tích của 7 mol khí CO2 ở điều kiện chuẩn (25 độ C, 1 bar) là bao nhiêu lít?', '49.81 L', '211.09 L', '173.53 L', '189.08 L', 'C'),
(7, 'HARD', 'Thể tích của 9 mol khí CO2 ở điều kiện chuẩn (25 độ C, 1 bar) là bao nhiêu lít?', '252.41 L', '75.07 L', '223.11 L', '284.97 L', 'C'),
(7, 'HARD', 'Thể tích của 8 mol khí CO2 ở điều kiện chuẩn (25 độ C, 1 bar) là bao nhiêu lít?', '253.7 L', '127.04 L', '184.19 L', '198.32 L', 'D'),
(7, 'HARD', 'Thể tích của 7 mol khí CO2 ở điều kiện chuẩn (25 độ C, 1 bar) là bao nhiêu lít?', '195.0 L', '173.53 L', '285.31 L', '184.31 L', 'B'),
(7, 'HARD', 'Thể tích của 10 mol khí CO2 ở điều kiện chuẩn (25 độ C, 1 bar) là bao nhiêu lít?', '115.83 L', '257.95 L', '295.24 L', '247.9 L', 'D'),
(7, 'HARD', 'Thể tích của 10 mol khí CO2 ở điều kiện chuẩn (25 độ C, 1 bar) là bao nhiêu lít?', '36.91 L', '201.83 L', '247.9 L', '47.77 L', 'C'),
(7, 'HARD', 'Thể tích của 2 mol khí CO2 ở điều kiện chuẩn (25 độ C, 1 bar) là bao nhiêu lít?', '82.64 L', '169.55 L', '49.58 L', '180.22 L', 'C'),
(7, 'HARD', 'Thể tích của 7 mol khí CO2 ở điều kiện chuẩn (25 độ C, 1 bar) là bao nhiêu lít?', '86.28 L', '127.54 L', '173.53 L', '261.79 L', 'C'),
(7, 'HARD', 'Thể tích của 10 mol khí CO2 ở điều kiện chuẩn (25 độ C, 1 bar) là bao nhiêu lít?', '175.15 L', '247.9 L', '263.32 L', '270.58 L', 'B'),
(7, 'HARD', 'Thể tích của 6 mol khí CO2 ở điều kiện chuẩn (25 độ C, 1 bar) là bao nhiêu lít?', '170.75 L', '148.74 L', '215.97 L', '218.44 L', 'B'),
(7, 'HARD', 'Thể tích của 2 mol khí CO2 ở điều kiện chuẩn (25 độ C, 1 bar) là bao nhiêu lít?', '36.07 L', '49.58 L', '19.59 L', '157.62 L', 'B'),
(7, 'HARD', 'Thể tích của 7 mol khí CO2 ở điều kiện chuẩn (25 độ C, 1 bar) là bao nhiêu lít?', '31.95 L', '173.53 L', '79.43 L', '219.18 L', 'B'),
(7, 'HARD', 'Thể tích của 6 mol khí CO2 ở điều kiện chuẩn (25 độ C, 1 bar) là bao nhiêu lít?', '292.77 L', '110.69 L', '25.24 L', '148.74 L', 'D'),
(7, 'HARD', 'Thể tích của 5 mol khí CO2 ở điều kiện chuẩn (25 độ C, 1 bar) là bao nhiêu lít?', '153.79 L', '155.82 L', '123.95 L', '125.64 L', 'C'),
(7, 'HARD', 'Thể tích của 7 mol khí CO2 ở điều kiện chuẩn (25 độ C, 1 bar) là bao nhiêu lít?', '173.53 L', '180.95 L', '129.39 L', '15.12 L', 'A'),
(7, 'HARD', 'Thể tích của 5 mol khí CO2 ở điều kiện chuẩn (25 độ C, 1 bar) là bao nhiêu lít?', '295.65 L', '271.49 L', '292.88 L', '123.95 L', 'D'),
(7, 'HARD', 'Thể tích của 9 mol khí CO2 ở điều kiện chuẩn (25 độ C, 1 bar) là bao nhiêu lít?', '296.49 L', '105.9 L', '233.95 L', '223.11 L', 'D'),
(7, 'HARD', 'Thể tích của 8 mol khí CO2 ở điều kiện chuẩn (25 độ C, 1 bar) là bao nhiêu lít?', '198.32 L', '233.56 L', '20.62 L', '198.52 L', 'A'),
(8, 'EASY', 'Một đoạn phân tử ADN có 96 chu kì xoắn. Chiều dài của đoạn ADN đó là?', '1350 Angstrom', '1263 Angstrom', '1982 Angstrom', '3264 Angstrom', 'D'),
(8, 'EASY', 'Một đoạn phân tử ADN có 49 chu kì xoắn. Chiều dài của đoạn ADN đó là?', '736 Angstrom', '1666 Angstrom', '1353 Angstrom', '2107 Angstrom', 'B'),
(8, 'EASY', 'Một đoạn phân tử ADN có 17 chu kì xoắn. Chiều dài của đoạn ADN đó là?', '3254 Angstrom', '612 Angstrom', '3520 Angstrom', '578 Angstrom', 'D'),
(8, 'EASY', 'Một đoạn phân tử ADN có 18 chu kì xoắn. Chiều dài của đoạn ADN đó là?', '2918 Angstrom', '3890 Angstrom', '1610 Angstrom', '612 Angstrom', 'D'),
(8, 'EASY', 'Một đoạn phân tử ADN có 57 chu kì xoắn. Chiều dài của đoạn ADN đó là?', '3095 Angstrom', '2527 Angstrom', '1938 Angstrom', '2299 Angstrom', 'C'),
(8, 'EASY', 'Một đoạn phân tử ADN có 34 chu kì xoắn. Chiều dài của đoạn ADN đó là?', '1156 Angstrom', '2365 Angstrom', '2056 Angstrom', '1581 Angstrom', 'A'),
(8, 'EASY', 'Một đoạn phân tử ADN có 31 chu kì xoắn. Chiều dài của đoạn ADN đó là?', '1054 Angstrom', '840 Angstrom', '3733 Angstrom', '3134 Angstrom', 'A'),
(8, 'EASY', 'Một đoạn phân tử ADN có 61 chu kì xoắn. Chiều dài của đoạn ADN đó là?', '3063 Angstrom', '2074 Angstrom', '2268 Angstrom', '3165 Angstrom', 'B'),
(8, 'EASY', 'Một đoạn phân tử ADN có 43 chu kì xoắn. Chiều dài của đoạn ADN đó là?', '3685 Angstrom', '1102 Angstrom', '2851 Angstrom', '1462 Angstrom', 'D'),
(8, 'EASY', 'Một đoạn phân tử ADN có 23 chu kì xoắn. Chiều dài của đoạn ADN đó là?', '782 Angstrom', '1301 Angstrom', '485 Angstrom', '2426 Angstrom', 'A'),
(8, 'EASY', 'Một đoạn phân tử ADN có 68 chu kì xoắn. Chiều dài của đoạn ADN đó là?', '3656 Angstrom', '851 Angstrom', '2312 Angstrom', '3965 Angstrom', 'C'),
(8, 'EASY', 'Một đoạn phân tử ADN có 97 chu kì xoắn. Chiều dài của đoạn ADN đó là?', '2477 Angstrom', '3674 Angstrom', '1134 Angstrom', '3298 Angstrom', 'D'),
(8, 'EASY', 'Một đoạn phân tử ADN có 34 chu kì xoắn. Chiều dài của đoạn ADN đó là?', '1035 Angstrom', '3413 Angstrom', '1156 Angstrom', '3259 Angstrom', 'C'),
(8, 'EASY', 'Một đoạn phân tử ADN có 28 chu kì xoắn. Chiều dài của đoạn ADN đó là?', '952 Angstrom', '3660 Angstrom', '1459 Angstrom', '2611 Angstrom', 'A'),
(8, 'EASY', 'Một đoạn phân tử ADN có 31 chu kì xoắn. Chiều dài của đoạn ADN đó là?', '669 Angstrom', '2985 Angstrom', '1054 Angstrom', '3686 Angstrom', 'C'),
(8, 'EASY', 'Một đoạn phân tử ADN có 21 chu kì xoắn. Chiều dài của đoạn ADN đó là?', '1540 Angstrom', '1454 Angstrom', '2530 Angstrom', '714 Angstrom', 'D'),
(8, 'EASY', 'Một đoạn phân tử ADN có 61 chu kì xoắn. Chiều dài của đoạn ADN đó là?', '2872 Angstrom', '3344 Angstrom', '1936 Angstrom', '2074 Angstrom', 'D'),
(8, 'EASY', 'Một đoạn phân tử ADN có 49 chu kì xoắn. Chiều dài của đoạn ADN đó là?', '1470 Angstrom', '1666 Angstrom', '2657 Angstrom', '3387 Angstrom', 'B'),
(8, 'EASY', 'Một đoạn phân tử ADN có 64 chu kì xoắn. Chiều dài của đoạn ADN đó là?', '2215 Angstrom', '987 Angstrom', '2176 Angstrom', '1509 Angstrom', 'C'),
(8, 'EASY', 'Một đoạn phân tử ADN có 66 chu kì xoắn. Chiều dài của đoạn ADN đó là?', '3395 Angstrom', '2244 Angstrom', '2922 Angstrom', '2780 Angstrom', 'B'),
(8, 'EASY', 'Một đoạn phân tử ADN có 86 chu kì xoắn. Chiều dài của đoạn ADN đó là?', '3230 Angstrom', '2933 Angstrom', '2924 Angstrom', '1285 Angstrom', 'C'),
(8, 'EASY', 'Một đoạn phân tử ADN có 23 chu kì xoắn. Chiều dài của đoạn ADN đó là?', '2137 Angstrom', '1724 Angstrom', '424 Angstrom', '782 Angstrom', 'D'),
(8, 'EASY', 'Một đoạn phân tử ADN có 40 chu kì xoắn. Chiều dài của đoạn ADN đó là?', '2564 Angstrom', '2783 Angstrom', '1360 Angstrom', '2008 Angstrom', 'C'),
(8, 'EASY', 'Một đoạn phân tử ADN có 69 chu kì xoắn. Chiều dài của đoạn ADN đó là?', '2346 Angstrom', '3525 Angstrom', '2719 Angstrom', '1773 Angstrom', 'A'),
(8, 'EASY', 'Một đoạn phân tử ADN có 70 chu kì xoắn. Chiều dài của đoạn ADN đó là?', '3824 Angstrom', '2380 Angstrom', '2404 Angstrom', '748 Angstrom', 'B'),
(8, 'EASY', 'Một đoạn phân tử ADN có 67 chu kì xoắn. Chiều dài của đoạn ADN đó là?', '2278 Angstrom', '2099 Angstrom', '2145 Angstrom', '914 Angstrom', 'A'),
(8, 'EASY', 'Một đoạn phân tử ADN có 12 chu kì xoắn. Chiều dài của đoạn ADN đó là?', '1325 Angstrom', '2349 Angstrom', '2824 Angstrom', '408 Angstrom', 'D'),
(8, 'EASY', 'Một đoạn phân tử ADN có 97 chu kì xoắn. Chiều dài của đoạn ADN đó là?', '3955 Angstrom', '2321 Angstrom', '3383 Angstrom', '3298 Angstrom', 'D'),
(8, 'EASY', 'Một đoạn phân tử ADN có 40 chu kì xoắn. Chiều dài của đoạn ADN đó là?', '1360 Angstrom', '955 Angstrom', '2999 Angstrom', '2721 Angstrom', 'A'),
(8, 'EASY', 'Một đoạn phân tử ADN có 13 chu kì xoắn. Chiều dài của đoạn ADN đó là?', '1386 Angstrom', '662 Angstrom', '2126 Angstrom', '442 Angstrom', 'D'),
(8, 'EASY', 'Một đoạn phân tử ADN có 96 chu kì xoắn. Chiều dài của đoạn ADN đó là?', '2280 Angstrom', '3769 Angstrom', '3300 Angstrom', '3264 Angstrom', 'D'),
(8, 'EASY', 'Một đoạn phân tử ADN có 68 chu kì xoắn. Chiều dài của đoạn ADN đó là?', '3002 Angstrom', '553 Angstrom', '2312 Angstrom', '2023 Angstrom', 'C'),
(8, 'EASY', 'Một đoạn phân tử ADN có 43 chu kì xoắn. Chiều dài của đoạn ADN đó là?', '1462 Angstrom', '3617 Angstrom', '3544 Angstrom', '1450 Angstrom', 'A'),
(8, 'EASY', 'Một đoạn phân tử ADN có 23 chu kì xoắn. Chiều dài của đoạn ADN đó là?', '3425 Angstrom', '782 Angstrom', '365 Angstrom', '729 Angstrom', 'B'),
(8, 'EASY', 'Một đoạn phân tử ADN có 28 chu kì xoắn. Chiều dài của đoạn ADN đó là?', '2172 Angstrom', '2975 Angstrom', '2861 Angstrom', '952 Angstrom', 'D'),
(8, 'EASY', 'Một đoạn phân tử ADN có 74 chu kì xoắn. Chiều dài của đoạn ADN đó là?', '575 Angstrom', '2516 Angstrom', '3761 Angstrom', '2989 Angstrom', 'B'),
(8, 'EASY', 'Một đoạn phân tử ADN có 86 chu kì xoắn. Chiều dài của đoạn ADN đó là?', '1483 Angstrom', '2924 Angstrom', '3123 Angstrom', '2264 Angstrom', 'B'),
(8, 'MEDIUM', 'Theo nguyên tắc bổ sung, nếu nuclêôtit loại A chiếm 28% thì loại G chiếm bao nhiêu phần trăm?', '30%', '35%', '22%', '39%', 'C'),
(8, 'MEDIUM', 'Theo nguyên tắc bổ sung, nếu nuclêôtit loại A chiếm 19% thì loại G chiếm bao nhiêu phần trăm?', '31%', '27%', '34%', '40%', 'A'),
(8, 'MEDIUM', 'Theo nguyên tắc bổ sung, nếu nuclêôtit loại A chiếm 23% thì loại G chiếm bao nhiêu phần trăm?', '24%', '37%', '27%', '11%', 'C'),
(8, 'MEDIUM', 'Theo nguyên tắc bổ sung, nếu nuclêôtit loại A chiếm 30% thì loại G chiếm bao nhiêu phần trăm?', '20%', '15%', '33%', '38%', 'A'),
(8, 'MEDIUM', 'Theo nguyên tắc bổ sung, nếu nuclêôtit loại A chiếm 17% thì loại G chiếm bao nhiêu phần trăm?', '15%', '33%', '20%', '39%', 'B'),
(8, 'MEDIUM', 'Theo nguyên tắc bổ sung, nếu nuclêôtit loại A chiếm 15% thì loại G chiếm bao nhiêu phần trăm?', '19%', '11%', '35%', '27%', 'C'),
(8, 'MEDIUM', 'Theo nguyên tắc bổ sung, nếu nuclêôtit loại A chiếm 27% thì loại G chiếm bao nhiêu phần trăm?', '14%', '20%', '37%', '23%', 'D'),
(8, 'MEDIUM', 'Theo nguyên tắc bổ sung, nếu nuclêôtit loại A chiếm 27% thì loại G chiếm bao nhiêu phần trăm?', '40%', '23%', '30%', '24%', 'B'),
(8, 'MEDIUM', 'Theo nguyên tắc bổ sung, nếu nuclêôtit loại A chiếm 20% thì loại G chiếm bao nhiêu phần trăm?', '30%', '34%', '21%', '15%', 'A'),
(8, 'MEDIUM', 'Theo nguyên tắc bổ sung, nếu nuclêôtit loại A chiếm 26% thì loại G chiếm bao nhiêu phần trăm?', '19%', '14%', '15%', '24%', 'D'),
(8, 'MEDIUM', 'Theo nguyên tắc bổ sung, nếu nuclêôtit loại A chiếm 23% thì loại G chiếm bao nhiêu phần trăm?', '27%', '20%', '21%', '15%', 'A'),
(8, 'MEDIUM', 'Theo nguyên tắc bổ sung, nếu nuclêôtit loại A chiếm 26% thì loại G chiếm bao nhiêu phần trăm?', '23%', '10%', '24%', '28%', 'C'),
(8, 'MEDIUM', 'Theo nguyên tắc bổ sung, nếu nuclêôtit loại A chiếm 28% thì loại G chiếm bao nhiêu phần trăm?', '31%', '22%', '20%', '23%', 'B'),
(8, 'MEDIUM', 'Theo nguyên tắc bổ sung, nếu nuclêôtit loại A chiếm 15% thì loại G chiếm bao nhiêu phần trăm?', '35%', '37%', '21%', '16%', 'A'),
(8, 'MEDIUM', 'Theo nguyên tắc bổ sung, nếu nuclêôtit loại A chiếm 19% thì loại G chiếm bao nhiêu phần trăm?', '31%', '38%', '21%', '29%', 'A'),
(8, 'MEDIUM', 'Theo nguyên tắc bổ sung, nếu nuclêôtit loại A chiếm 17% thì loại G chiếm bao nhiêu phần trăm?', '36%', '13%', '31%', '33%', 'D'),
(8, 'MEDIUM', 'Theo nguyên tắc bổ sung, nếu nuclêôtit loại A chiếm 23% thì loại G chiếm bao nhiêu phần trăm?', '36%', '14%', '27%', '32%', 'C'),
(8, 'MEDIUM', 'Theo nguyên tắc bổ sung, nếu nuclêôtit loại A chiếm 20% thì loại G chiếm bao nhiêu phần trăm?', '30%', '40%', '18%', '23%', 'A'),
(8, 'MEDIUM', 'Theo nguyên tắc bổ sung, nếu nuclêôtit loại A chiếm 30% thì loại G chiếm bao nhiêu phần trăm?', '20%', '16%', '11%', '34%', 'A'),
(8, 'MEDIUM', 'Theo nguyên tắc bổ sung, nếu nuclêôtit loại A chiếm 26% thì loại G chiếm bao nhiêu phần trăm?', '12%', '36%', '24%', '31%', 'C'),
(8, 'MEDIUM', 'Theo nguyên tắc bổ sung, nếu nuclêôtit loại A chiếm 18% thì loại G chiếm bao nhiêu phần trăm?', '14%', '40%', '32%', '33%', 'C'),
(8, 'MEDIUM', 'Theo nguyên tắc bổ sung, nếu nuclêôtit loại A chiếm 22% thì loại G chiếm bao nhiêu phần trăm?', '22%', '33%', '28%', '19%', 'C'),
(8, 'MEDIUM', 'Theo nguyên tắc bổ sung, nếu nuclêôtit loại A chiếm 20% thì loại G chiếm bao nhiêu phần trăm?', '19%', '23%', '30%', '33%', 'C'),
(8, 'MEDIUM', 'Theo nguyên tắc bổ sung, nếu nuclêôtit loại A chiếm 22% thì loại G chiếm bao nhiêu phần trăm?', '23%', '13%', '28%', '36%', 'C'),
(8, 'MEDIUM', 'Theo nguyên tắc bổ sung, nếu nuclêôtit loại A chiếm 22% thì loại G chiếm bao nhiêu phần trăm?', '25%', '37%', '33%', '28%', 'D'),
(8, 'MEDIUM', 'Theo nguyên tắc bổ sung, nếu nuclêôtit loại A chiếm 18% thì loại G chiếm bao nhiêu phần trăm?', '14%', '23%', '32%', '38%', 'C'),
(8, 'MEDIUM', 'Theo nguyên tắc bổ sung, nếu nuclêôtit loại A chiếm 22% thì loại G chiếm bao nhiêu phần trăm?', '29%', '31%', '28%', '11%', 'C'),
(8, 'MEDIUM', 'Theo nguyên tắc bổ sung, nếu nuclêôtit loại A chiếm 23% thì loại G chiếm bao nhiêu phần trăm?', '13%', '15%', '16%', '27%', 'D'),
(8, 'MEDIUM', 'Theo nguyên tắc bổ sung, nếu nuclêôtit loại A chiếm 27% thì loại G chiếm bao nhiêu phần trăm?', '13%', '23%', '17%', '22%', 'B'),
(8, 'MEDIUM', 'Theo nguyên tắc bổ sung, nếu nuclêôtit loại A chiếm 22% thì loại G chiếm bao nhiêu phần trăm?', '24%', '28%', '20%', '37%', 'B'),
(8, 'MEDIUM', 'Theo nguyên tắc bổ sung, nếu nuclêôtit loại A chiếm 15% thì loại G chiếm bao nhiêu phần trăm?', '26%', '33%', '21%', '35%', 'D'),
(8, 'MEDIUM', 'Theo nguyên tắc bổ sung, nếu nuclêôtit loại A chiếm 24% thì loại G chiếm bao nhiêu phần trăm?', '16%', '27%', '26%', '21%', 'C'),
(8, 'MEDIUM', 'Theo nguyên tắc bổ sung, nếu nuclêôtit loại A chiếm 28% thì loại G chiếm bao nhiêu phần trăm?', '12%', '14%', '38%', '22%', 'D'),
(8, 'MEDIUM', 'Theo nguyên tắc bổ sung, nếu nuclêôtit loại A chiếm 17% thì loại G chiếm bao nhiêu phần trăm?', '11%', '12%', '39%', '33%', 'D'),
(8, 'MEDIUM', 'Theo nguyên tắc bổ sung, nếu nuclêôtit loại A chiếm 17% thì loại G chiếm bao nhiêu phần trăm?', '23%', '32%', '19%', '33%', 'D'),
(8, 'MEDIUM', 'Theo nguyên tắc bổ sung, nếu nuclêôtit loại A chiếm 15% thì loại G chiếm bao nhiêu phần trăm?', '10%', '21%', '29%', '35%', 'D'),
(8, 'MEDIUM', 'Theo nguyên tắc bổ sung, nếu nuclêôtit loại A chiếm 15% thì loại G chiếm bao nhiêu phần trăm?', '10%', '25%', '35%', '14%', 'C'),
(8, 'HARD', 'Một gen có số lượng nuclêôtit loại A = 327 và loại G = 291. Tổng số liên kết hydro của gen này là?', '3190', '2572', '1527', '1941', 'C'),
(8, 'HARD', 'Một gen có số lượng nuclêôtit loại A = 359 và loại G = 481. Tổng số liên kết hydro của gen này là?', '3980', '2161', '3905', '1911', 'B'),
(8, 'HARD', 'Một gen có số lượng nuclêôtit loại A = 359 và loại G = 458. Tổng số liên kết hydro của gen này là?', '1754', '2092', '3665', '1747', 'B'),
(8, 'HARD', 'Một gen có số lượng nuclêôtit loại A = 385 và loại G = 368. Tổng số liên kết hydro của gen này là?', '3900', '3531', '3870', '1874', 'D'),
(8, 'HARD', 'Một gen có số lượng nuclêôtit loại A = 406 và loại G = 268. Tổng số liên kết hydro của gen này là?', '1616', '3873', '1305', '2904', 'A'),
(8, 'HARD', 'Một gen có số lượng nuclêôtit loại A = 358 và loại G = 483. Tổng số liên kết hydro của gen này là?', '2165', '2353', '2079', '2357', 'A'),
(8, 'HARD', 'Một gen có số lượng nuclêôtit loại A = 571 và loại G = 361. Tổng số liên kết hydro của gen này là?', '2172', '1627', '2225', '2449', 'C'),
(8, 'HARD', 'Một gen có số lượng nuclêôtit loại A = 314 và loại G = 340. Tổng số liên kết hydro của gen này là?', '3098', '1648', '2153', '3942', 'B'),
(8, 'HARD', 'Một gen có số lượng nuclêôtit loại A = 304 và loại G = 305. Tổng số liên kết hydro của gen này là?', '2964', '2297', '2469', '1523', 'D'),
(8, 'HARD', 'Một gen có số lượng nuclêôtit loại A = 434 và loại G = 455. Tổng số liên kết hydro của gen này là?', '3121', '2233', '3972', '1201', 'B'),
(8, 'HARD', 'Một gen có số lượng nuclêôtit loại A = 547 và loại G = 436. Tổng số liên kết hydro của gen này là?', '2402', '1893', '2611', '3686', 'A'),
(8, 'HARD', 'Một gen có số lượng nuclêôtit loại A = 520 và loại G = 318. Tổng số liên kết hydro của gen này là?', '1280', '1994', '1249', '1738', 'B'),
(8, 'HARD', 'Một gen có số lượng nuclêôtit loại A = 563 và loại G = 313. Tổng số liên kết hydro của gen này là?', '2298', '1906', '2065', '1079', 'C'),
(8, 'HARD', 'Một gen có số lượng nuclêôtit loại A = 386 và loại G = 300. Tổng số liên kết hydro của gen này là?', '3887', '2492', '3542', '1672', 'D'),
(8, 'HARD', 'Một gen có số lượng nuclêôtit loại A = 532 và loại G = 277. Tổng số liên kết hydro của gen này là?', '1394', '1303', '1895', '1801', 'C'),
(8, 'HARD', 'Một gen có số lượng nuclêôtit loại A = 313 và loại G = 307. Tổng số liên kết hydro của gen này là?', '1834', '2736', '1547', '2360', 'C'),
(8, 'HARD', 'Một gen có số lượng nuclêôtit loại A = 414 và loại G = 348. Tổng số liên kết hydro của gen này là?', '2772', '1872', '1660', '1195', 'B'),
(8, 'HARD', 'Một gen có số lượng nuclêôtit loại A = 459 và loại G = 443. Tổng số liên kết hydro của gen này là?', '2247', '2757', '1742', '2656', 'A'),
(8, 'HARD', 'Một gen có số lượng nuclêôtit loại A = 302 và loại G = 345. Tổng số liên kết hydro của gen này là?', '1639', '3017', '3905', '2656', 'A'),
(8, 'HARD', 'Một gen có số lượng nuclêôtit loại A = 558 và loại G = 450. Tổng số liên kết hydro của gen này là?', '2466', '1970', '3465', '3749', 'A'),
(8, 'HARD', 'Một gen có số lượng nuclêôtit loại A = 556 và loại G = 238. Tổng số liên kết hydro của gen này là?', '3968', '3929', '1826', '2102', 'C'),
(8, 'HARD', 'Một gen có số lượng nuclêôtit loại A = 490 và loại G = 290. Tổng số liên kết hydro của gen này là?', '1501', '1850', '2824', '2776', 'B'),
(8, 'HARD', 'Một gen có số lượng nuclêôtit loại A = 548 và loại G = 416. Tổng số liên kết hydro của gen này là?', '2561', '1597', '2381', '2344', 'D'),
(8, 'HARD', 'Một gen có số lượng nuclêôtit loại A = 452 và loại G = 390. Tổng số liên kết hydro của gen này là?', '2074', '3104', '3198', '3187', 'A'),
(8, 'HARD', 'Một gen có số lượng nuclêôtit loại A = 400 và loại G = 352. Tổng số liên kết hydro của gen này là?', '3408', '1197', '1856', '3765', 'C'),
(8, 'HARD', 'Một gen có số lượng nuclêôtit loại A = 316 và loại G = 420. Tổng số liên kết hydro của gen này là?', '2355', '1892', '3809', '1564', 'B'),
(8, 'HARD', 'Một gen có số lượng nuclêôtit loại A = 464 và loại G = 369. Tổng số liên kết hydro của gen này là?', '2035', '1272', '2726', '3156', 'A'),
(8, 'HARD', 'Một gen có số lượng nuclêôtit loại A = 558 và loại G = 295. Tổng số liên kết hydro của gen này là?', '2001', '3321', '3142', '3021', 'A'),
(8, 'HARD', 'Một gen có số lượng nuclêôtit loại A = 580 và loại G = 471. Tổng số liên kết hydro của gen này là?', '3216', '3402', '2573', '3434', 'C'),
(8, 'HARD', 'Một gen có số lượng nuclêôtit loại A = 450 và loại G = 452. Tổng số liên kết hydro của gen này là?', '2256', '2752', '3738', '1927', 'A'),
(8, 'HARD', 'Một gen có số lượng nuclêôtit loại A = 350 và loại G = 459. Tổng số liên kết hydro của gen này là?', '2276', '2210', '1546', '2077', 'D'),
(8, 'HARD', 'Một gen có số lượng nuclêôtit loại A = 440 và loại G = 327. Tổng số liên kết hydro của gen này là?', '1559', '3694', '3895', '1861', 'D'),
(8, 'HARD', 'Một gen có số lượng nuclêôtit loại A = 600 và loại G = 484. Tổng số liên kết hydro của gen này là?', '3244', '1571', '2652', '3292', 'C'),
(8, 'HARD', 'Một gen có số lượng nuclêôtit loại A = 399 và loại G = 315. Tổng số liên kết hydro của gen này là?', '1743', '2676', '1870', '2634', 'A'),
(8, 'HARD', 'Một gen có số lượng nuclêôtit loại A = 521 và loại G = 385. Tổng số liên kết hydro của gen này là?', '2064', '1373', '1587', '2197', 'D'),
(8, 'HARD', 'Một gen có số lượng nuclêôtit loại A = 473 và loại G = 368. Tổng số liên kết hydro của gen này là?', '2657', '3009', '1856', '2050', 'D'),
(8, 'HARD', 'Một gen có số lượng nuclêôtit loại A = 388 và loại G = 279. Tổng số liên kết hydro của gen này là?', '2075', '1613', '1478', '3284', 'B'),
(9, 'EASY', 'Trên bản đồ tỉ lệ 1:1.000.000, khoảng cách 5 cm tương ứng với bao nhiêu km ngoài thực tế?', '39 km', '211 km', '50 km', '280 km', 'C'),
(9, 'EASY', 'Trên bản đồ tỉ lệ 1:1.000.000, khoảng cách 7 cm tương ứng với bao nhiêu km ngoài thực tế?', '151 km', '225 km', '289 km', '70 km', 'D'),
(9, 'EASY', 'Trên bản đồ tỉ lệ 1:1.000.000, khoảng cách 12 cm tương ứng với bao nhiêu km ngoài thực tế?', '78 km', '82 km', '235 km', '120 km', 'D'),
(9, 'EASY', 'Trên bản đồ tỉ lệ 1:1.000.000, khoảng cách 11 cm tương ứng với bao nhiêu km ngoài thực tế?', '115 km', '219 km', '92 km', '110 km', 'D'),
(9, 'EASY', 'Trên bản đồ tỉ lệ 1:1.000.000, khoảng cách 12 cm tương ứng với bao nhiêu km ngoài thực tế?', '241 km', '120 km', '16 km', '223 km', 'B'),
(9, 'EASY', 'Trên bản đồ tỉ lệ 1:1.000.000, khoảng cách 18 cm tương ứng với bao nhiêu km ngoài thực tế?', '180 km', '94 km', '223 km', '88 km', 'A'),
(9, 'EASY', 'Trên bản đồ tỉ lệ 1:1.000.000, khoảng cách 16 cm tương ứng với bao nhiêu km ngoài thực tế?', '231 km', '160 km', '255 km', '130 km', 'B'),
(9, 'EASY', 'Trên bản đồ tỉ lệ 1:1.000.000, khoảng cách 7 cm tương ứng với bao nhiêu km ngoài thực tế?', '70 km', '260 km', '152 km', '15 km', 'A'),
(9, 'EASY', 'Trên bản đồ tỉ lệ 1:1.000.000, khoảng cách 14 cm tương ứng với bao nhiêu km ngoài thực tế?', '250 km', '146 km', '140 km', '248 km', 'C'),
(9, 'EASY', 'Trên bản đồ tỉ lệ 1:1.000.000, khoảng cách 17 cm tương ứng với bao nhiêu km ngoài thực tế?', '82 km', '170 km', '184 km', '267 km', 'B'),
(9, 'EASY', 'Trên bản đồ tỉ lệ 1:1.000.000, khoảng cách 10 cm tương ứng với bao nhiêu km ngoài thực tế?', '88 km', '249 km', '100 km', '43 km', 'C'),
(9, 'EASY', 'Trên bản đồ tỉ lệ 1:1.000.000, khoảng cách 16 cm tương ứng với bao nhiêu km ngoài thực tế?', '37 km', '175 km', '160 km', '184 km', 'C'),
(9, 'EASY', 'Trên bản đồ tỉ lệ 1:1.000.000, khoảng cách 3 cm tương ứng với bao nhiêu km ngoài thực tế?', '159 km', '90 km', '13 km', '30 km', 'D'),
(9, 'EASY', 'Trên bản đồ tỉ lệ 1:1.000.000, khoảng cách 15 cm tương ứng với bao nhiêu km ngoài thực tế?', '150 km', '165 km', '90 km', '287 km', 'A'),
(9, 'EASY', 'Trên bản đồ tỉ lệ 1:1.000.000, khoảng cách 9 cm tương ứng với bao nhiêu km ngoài thực tế?', '86 km', '115 km', '274 km', '90 km', 'D'),
(9, 'EASY', 'Trên bản đồ tỉ lệ 1:1.000.000, khoảng cách 5 cm tương ứng với bao nhiêu km ngoài thực tế?', '208 km', '107 km', '268 km', '50 km', 'D'),
(9, 'EASY', 'Trên bản đồ tỉ lệ 1:1.000.000, khoảng cách 7 cm tương ứng với bao nhiêu km ngoài thực tế?', '272 km', '118 km', '168 km', '70 km', 'D'),
(9, 'EASY', 'Trên bản đồ tỉ lệ 1:1.000.000, khoảng cách 10 cm tương ứng với bao nhiêu km ngoài thực tế?', '100 km', '71 km', '133 km', '78 km', 'A'),
(9, 'EASY', 'Trên bản đồ tỉ lệ 1:1.000.000, khoảng cách 19 cm tương ứng với bao nhiêu km ngoài thực tế?', '190 km', '59 km', '74 km', '98 km', 'A'),
(9, 'EASY', 'Trên bản đồ tỉ lệ 1:1.000.000, khoảng cách 3 cm tương ứng với bao nhiêu km ngoài thực tế?', '132 km', '108 km', '154 km', '30 km', 'D'),
(9, 'EASY', 'Trên bản đồ tỉ lệ 1:1.000.000, khoảng cách 12 cm tương ứng với bao nhiêu km ngoài thực tế?', '26 km', '160 km', '237 km', '120 km', 'D'),
(9, 'EASY', 'Trên bản đồ tỉ lệ 1:1.000.000, khoảng cách 15 cm tương ứng với bao nhiêu km ngoài thực tế?', '29 km', '252 km', '232 km', '150 km', 'D'),
(9, 'EASY', 'Trên bản đồ tỉ lệ 1:1.000.000, khoảng cách 17 cm tương ứng với bao nhiêu km ngoài thực tế?', '254 km', '42 km', '62 km', '170 km', 'D'),
(9, 'EASY', 'Trên bản đồ tỉ lệ 1:1.000.000, khoảng cách 16 cm tương ứng với bao nhiêu km ngoài thực tế?', '105 km', '160 km', '21 km', '12 km', 'B'),
(9, 'EASY', 'Trên bản đồ tỉ lệ 1:1.000.000, khoảng cách 12 cm tương ứng với bao nhiêu km ngoài thực tế?', '278 km', '291 km', '113 km', '120 km', 'D'),
(9, 'EASY', 'Trên bản đồ tỉ lệ 1:1.000.000, khoảng cách 8 cm tương ứng với bao nhiêu km ngoài thực tế?', '228 km', '151 km', '80 km', '137 km', 'C'),
(9, 'EASY', 'Trên bản đồ tỉ lệ 1:1.000.000, khoảng cách 16 cm tương ứng với bao nhiêu km ngoài thực tế?', '160 km', '203 km', '54 km', '214 km', 'A'),
(9, 'EASY', 'Trên bản đồ tỉ lệ 1:1.000.000, khoảng cách 4 cm tương ứng với bao nhiêu km ngoài thực tế?', '205 km', '127 km', '77 km', '40 km', 'D'),
(9, 'EASY', 'Trên bản đồ tỉ lệ 1:1.000.000, khoảng cách 18 cm tương ứng với bao nhiêu km ngoài thực tế?', '85 km', '180 km', '195 km', '193 km', 'B'),
(9, 'EASY', 'Trên bản đồ tỉ lệ 1:1.000.000, khoảng cách 7 cm tương ứng với bao nhiêu km ngoài thực tế?', '232 km', '161 km', '146 km', '70 km', 'D'),
(9, 'EASY', 'Trên bản đồ tỉ lệ 1:1.000.000, khoảng cách 7 cm tương ứng với bao nhiêu km ngoài thực tế?', '175 km', '70 km', '225 km', '136 km', 'B'),
(9, 'EASY', 'Trên bản đồ tỉ lệ 1:1.000.000, khoảng cách 7 cm tương ứng với bao nhiêu km ngoài thực tế?', '243 km', '279 km', '70 km', '239 km', 'C'),
(9, 'EASY', 'Trên bản đồ tỉ lệ 1:1.000.000, khoảng cách 7 cm tương ứng với bao nhiêu km ngoài thực tế?', '45 km', '263 km', '154 km', '70 km', 'D'),
(9, 'EASY', 'Trên bản đồ tỉ lệ 1:1.000.000, khoảng cách 8 cm tương ứng với bao nhiêu km ngoài thực tế?', '81 km', '54 km', '19 km', '80 km', 'D'),
(9, 'EASY', 'Trên bản đồ tỉ lệ 1:1.000.000, khoảng cách 12 cm tương ứng với bao nhiêu km ngoài thực tế?', '19 km', '39 km', '120 km', '285 km', 'C'),
(9, 'EASY', 'Trên bản đồ tỉ lệ 1:1.000.000, khoảng cách 13 cm tương ứng với bao nhiêu km ngoài thực tế?', '130 km', '164 km', '148 km', '31 km', 'A'),
(9, 'EASY', 'Trên bản đồ tỉ lệ 1:1.000.000, khoảng cách 13 cm tương ứng với bao nhiêu km ngoài thực tế?', '130 km', '90 km', '88 km', '159 km', 'A'),
(9, 'MEDIUM', 'Khi lên cao 2400 mét so với mực nước biển, nhiệt độ không khí giảm đi khoảng bao nhiêu độ C?', '14.4 độ C', '18.6 độ C', '16.8 độ C', '7.4 độ C', 'A'),
(9, 'MEDIUM', 'Khi lên cao 2000 mét so với mực nước biển, nhiệt độ không khí giảm đi khoảng bao nhiêu độ C?', '15.8 độ C', '1.6 độ C', '12.0 độ C', '13.5 độ C', 'C'),
(9, 'MEDIUM', 'Khi lên cao 2500 mét so với mực nước biển, nhiệt độ không khí giảm đi khoảng bao nhiêu độ C?', '15.0 độ C', '18.7 độ C', '4.0 độ C', '4.3 độ C', 'A'),
(9, 'MEDIUM', 'Khi lên cao 800 mét so với mực nước biển, nhiệt độ không khí giảm đi khoảng bao nhiêu độ C?', '19.0 độ C', '19.9 độ C', '2.4 độ C', '4.8 độ C', 'D'),
(9, 'MEDIUM', 'Khi lên cao 1000 mét so với mực nước biển, nhiệt độ không khí giảm đi khoảng bao nhiêu độ C?', '6.0 độ C', '11.1 độ C', '7.6 độ C', '18.7 độ C', 'A'),
(9, 'MEDIUM', 'Khi lên cao 1800 mét so với mực nước biển, nhiệt độ không khí giảm đi khoảng bao nhiêu độ C?', '12.7 độ C', '10.8 độ C', '4.3 độ C', '19.9 độ C', 'B'),
(9, 'MEDIUM', 'Khi lên cao 500 mét so với mực nước biển, nhiệt độ không khí giảm đi khoảng bao nhiêu độ C?', '6.1 độ C', '18.0 độ C', '4.3 độ C', '3.0 độ C', 'D'),
(9, 'MEDIUM', 'Khi lên cao 1900 mét so với mực nước biển, nhiệt độ không khí giảm đi khoảng bao nhiêu độ C?', '11.4 độ C', '11.3 độ C', '17.3 độ C', '17.5 độ C', 'A'),
(9, 'MEDIUM', 'Khi lên cao 2000 mét so với mực nước biển, nhiệt độ không khí giảm đi khoảng bao nhiêu độ C?', '9.7 độ C', '12.0 độ C', '11.7 độ C', '12.7 độ C', 'B'),
(9, 'MEDIUM', 'Khi lên cao 900 mét so với mực nước biển, nhiệt độ không khí giảm đi khoảng bao nhiêu độ C?', '5.4 độ C', '15.3 độ C', '1.3 độ C', '17.3 độ C', 'A'),
(9, 'MEDIUM', 'Khi lên cao 1200 mét so với mực nước biển, nhiệt độ không khí giảm đi khoảng bao nhiêu độ C?', '11.5 độ C', '9.8 độ C', '12.8 độ C', '7.2 độ C', 'D'),
(9, 'MEDIUM', 'Khi lên cao 2800 mét so với mực nước biển, nhiệt độ không khí giảm đi khoảng bao nhiêu độ C?', '19.2 độ C', '12.4 độ C', '11.6 độ C', '16.8 độ C', 'D'),
(9, 'MEDIUM', 'Khi lên cao 2700 mét so với mực nước biển, nhiệt độ không khí giảm đi khoảng bao nhiêu độ C?', '16.2 độ C', '17.7 độ C', '1.2 độ C', '8.3 độ C', 'A'),
(9, 'MEDIUM', 'Khi lên cao 2300 mét so với mực nước biển, nhiệt độ không khí giảm đi khoảng bao nhiêu độ C?', '12.1 độ C', '10.7 độ C', '15.8 độ C', '13.8 độ C', 'D'),
(9, 'MEDIUM', 'Khi lên cao 1200 mét so với mực nước biển, nhiệt độ không khí giảm đi khoảng bao nhiêu độ C?', '15.5 độ C', '8.0 độ C', '9.5 độ C', '7.2 độ C', 'D'),
(9, 'MEDIUM', 'Khi lên cao 2000 mét so với mực nước biển, nhiệt độ không khí giảm đi khoảng bao nhiêu độ C?', '17.4 độ C', '17.7 độ C', '3.7 độ C', '12.0 độ C', 'D'),
(9, 'MEDIUM', 'Khi lên cao 1100 mét so với mực nước biển, nhiệt độ không khí giảm đi khoảng bao nhiêu độ C?', '17.8 độ C', '19.8 độ C', '19.2 độ C', '6.6 độ C', 'D'),
(9, 'MEDIUM', 'Khi lên cao 2600 mét so với mực nước biển, nhiệt độ không khí giảm đi khoảng bao nhiêu độ C?', '17.4 độ C', '19.7 độ C', '15.6 độ C', '1.7 độ C', 'C'),
(9, 'MEDIUM', 'Khi lên cao 2700 mét so với mực nước biển, nhiệt độ không khí giảm đi khoảng bao nhiêu độ C?', '9.1 độ C', '2.7 độ C', '16.2 độ C', '18.0 độ C', 'C'),
(9, 'MEDIUM', 'Khi lên cao 1200 mét so với mực nước biển, nhiệt độ không khí giảm đi khoảng bao nhiêu độ C?', '3.5 độ C', '7.2 độ C', '5.3 độ C', '15.8 độ C', 'B'),
(9, 'MEDIUM', 'Khi lên cao 2300 mét so với mực nước biển, nhiệt độ không khí giảm đi khoảng bao nhiêu độ C?', '17.0 độ C', '5.1 độ C', '13.8 độ C', '2.9 độ C', 'C'),
(9, 'MEDIUM', 'Khi lên cao 1800 mét so với mực nước biển, nhiệt độ không khí giảm đi khoảng bao nhiêu độ C?', '14.3 độ C', '14.6 độ C', '7.9 độ C', '10.8 độ C', 'D'),
(9, 'MEDIUM', 'Khi lên cao 2400 mét so với mực nước biển, nhiệt độ không khí giảm đi khoảng bao nhiêu độ C?', '8.6 độ C', '13.9 độ C', '14.4 độ C', '5.3 độ C', 'C'),
(9, 'MEDIUM', 'Khi lên cao 2800 mét so với mực nước biển, nhiệt độ không khí giảm đi khoảng bao nhiêu độ C?', '5.1 độ C', '11.9 độ C', '8.9 độ C', '16.8 độ C', 'D'),
(9, 'MEDIUM', 'Khi lên cao 600 mét so với mực nước biển, nhiệt độ không khí giảm đi khoảng bao nhiêu độ C?', '4.0 độ C', '4.5 độ C', '3.6 độ C', '9.9 độ C', 'C'),
(9, 'MEDIUM', 'Khi lên cao 1000 mét so với mực nước biển, nhiệt độ không khí giảm đi khoảng bao nhiêu độ C?', '2.0 độ C', '6.0 độ C', '14.3 độ C', '15.8 độ C', 'B'),
(9, 'MEDIUM', 'Khi lên cao 900 mét so với mực nước biển, nhiệt độ không khí giảm đi khoảng bao nhiêu độ C?', '6.1 độ C', '12.0 độ C', '5.4 độ C', '4.3 độ C', 'C'),
(9, 'MEDIUM', 'Khi lên cao 2300 mét so với mực nước biển, nhiệt độ không khí giảm đi khoảng bao nhiêu độ C?', '13.8 độ C', '1.1 độ C', '7.3 độ C', '8.8 độ C', 'A'),
(9, 'MEDIUM', 'Khi lên cao 2300 mét so với mực nước biển, nhiệt độ không khí giảm đi khoảng bao nhiêu độ C?', '1.3 độ C', '2.6 độ C', '16.0 độ C', '13.8 độ C', 'D'),
(9, 'MEDIUM', 'Khi lên cao 2400 mét so với mực nước biển, nhiệt độ không khí giảm đi khoảng bao nhiêu độ C?', '14.4 độ C', '10.9 độ C', '8.7 độ C', '3.4 độ C', 'A'),
(9, 'MEDIUM', 'Khi lên cao 2700 mét so với mực nước biển, nhiệt độ không khí giảm đi khoảng bao nhiêu độ C?', '4.2 độ C', '17.1 độ C', '1.5 độ C', '16.2 độ C', 'D'),
(9, 'MEDIUM', 'Khi lên cao 1900 mét so với mực nước biển, nhiệt độ không khí giảm đi khoảng bao nhiêu độ C?', '2.9 độ C', '15.5 độ C', '18.1 độ C', '11.4 độ C', 'D'),
(9, 'MEDIUM', 'Khi lên cao 500 mét so với mực nước biển, nhiệt độ không khí giảm đi khoảng bao nhiêu độ C?', '15.3 độ C', '4.0 độ C', '3.0 độ C', '13.5 độ C', 'C'),
(9, 'MEDIUM', 'Khi lên cao 2300 mét so với mực nước biển, nhiệt độ không khí giảm đi khoảng bao nhiêu độ C?', '17.3 độ C', '13.8 độ C', '7.1 độ C', '8.6 độ C', 'B'),
(9, 'MEDIUM', 'Khi lên cao 2500 mét so với mực nước biển, nhiệt độ không khí giảm đi khoảng bao nhiêu độ C?', '19.3 độ C', '15.0 độ C', '19.7 độ C', '16.8 độ C', 'B'),
(9, 'MEDIUM', 'Khi lên cao 2300 mét so với mực nước biển, nhiệt độ không khí giảm đi khoảng bao nhiêu độ C?', '10.1 độ C', '13.1 độ C', '13.8 độ C', '14.2 độ C', 'C'),
(9, 'MEDIUM', 'Khi lên cao 1000 mét so với mực nước biển, nhiệt độ không khí giảm đi khoảng bao nhiêu độ C?', '8.2 độ C', '6.0 độ C', '2.9 độ C', '16.9 độ C', 'B'),
(9, 'HARD', 'Trái Đất tự quay quanh trục 1 vòng mất 24 giờ. Vậy trong 10 giờ, Trái Đất quay được một góc bao nhiêu kinh độ?', '21 độ', '206 độ', '150 độ', '18 độ', 'C'),
(9, 'HARD', 'Trái Đất tự quay quanh trục 1 vòng mất 24 giờ. Vậy trong 11 giờ, Trái Đất quay được một góc bao nhiêu kinh độ?', '77 độ', '165 độ', '200 độ', '198 độ', 'B'),
(9, 'HARD', 'Trái Đất tự quay quanh trục 1 vòng mất 24 giờ. Vậy trong 9 giờ, Trái Đất quay được một góc bao nhiêu kinh độ?', '127 độ', '78 độ', '281 độ', '135 độ', 'D'),
(9, 'HARD', 'Trái Đất tự quay quanh trục 1 vòng mất 24 giờ. Vậy trong 12 giờ, Trái Đất quay được một góc bao nhiêu kinh độ?', '29 độ', '180 độ', '164 độ', '229 độ', 'B'),
(9, 'HARD', 'Trái Đất tự quay quanh trục 1 vòng mất 24 giờ. Vậy trong 2 giờ, Trái Đất quay được một góc bao nhiêu kinh độ?', '30 độ', '285 độ', '163 độ', '199 độ', 'A'),
(9, 'HARD', 'Trái Đất tự quay quanh trục 1 vòng mất 24 giờ. Vậy trong 12 giờ, Trái Đất quay được một góc bao nhiêu kinh độ?', '180 độ', '195 độ', '337 độ', '157 độ', 'A'),
(9, 'HARD', 'Trái Đất tự quay quanh trục 1 vòng mất 24 giờ. Vậy trong 3 giờ, Trái Đất quay được một góc bao nhiêu kinh độ?', '355 độ', '42 độ', '45 độ', '108 độ', 'C'),
(9, 'HARD', 'Trái Đất tự quay quanh trục 1 vòng mất 24 giờ. Vậy trong 6 giờ, Trái Đất quay được một góc bao nhiêu kinh độ?', '135 độ', '282 độ', '90 độ', '108 độ', 'C'),
(9, 'HARD', 'Trái Đất tự quay quanh trục 1 vòng mất 24 giờ. Vậy trong 9 giờ, Trái Đất quay được một góc bao nhiêu kinh độ?', '135 độ', '258 độ', '253 độ', '235 độ', 'A'),
(9, 'HARD', 'Trái Đất tự quay quanh trục 1 vòng mất 24 giờ. Vậy trong 10 giờ, Trái Đất quay được một góc bao nhiêu kinh độ?', '150 độ', '165 độ', '156 độ', '244 độ', 'A'),
(9, 'HARD', 'Trái Đất tự quay quanh trục 1 vòng mất 24 giờ. Vậy trong 11 giờ, Trái Đất quay được một góc bao nhiêu kinh độ?', '165 độ', '177 độ', '18 độ', '206 độ', 'A'),
(9, 'HARD', 'Trái Đất tự quay quanh trục 1 vòng mất 24 giờ. Vậy trong 2 giờ, Trái Đất quay được một góc bao nhiêu kinh độ?', '116 độ', '107 độ', '294 độ', '30 độ', 'D'),
(9, 'HARD', 'Trái Đất tự quay quanh trục 1 vòng mất 24 giờ. Vậy trong 4 giờ, Trái Đất quay được một góc bao nhiêu kinh độ?', '314 độ', '347 độ', '60 độ', '22 độ', 'C'),
(9, 'HARD', 'Trái Đất tự quay quanh trục 1 vòng mất 24 giờ. Vậy trong 6 giờ, Trái Đất quay được một góc bao nhiêu kinh độ?', '182 độ', '27 độ', '90 độ', '75 độ', 'C'),
(9, 'HARD', 'Trái Đất tự quay quanh trục 1 vòng mất 24 giờ. Vậy trong 9 giờ, Trái Đất quay được một góc bao nhiêu kinh độ?', '135 độ', '83 độ', '263 độ', '56 độ', 'A'),
(9, 'HARD', 'Trái Đất tự quay quanh trục 1 vòng mất 24 giờ. Vậy trong 9 giờ, Trái Đất quay được một góc bao nhiêu kinh độ?', '104 độ', '105 độ', '133 độ', '135 độ', 'D'),
(9, 'HARD', 'Trái Đất tự quay quanh trục 1 vòng mất 24 giờ. Vậy trong 12 giờ, Trái Đất quay được một góc bao nhiêu kinh độ?', '99 độ', '38 độ', '236 độ', '180 độ', 'D'),
(9, 'HARD', 'Trái Đất tự quay quanh trục 1 vòng mất 24 giờ. Vậy trong 3 giờ, Trái Đất quay được một góc bao nhiêu kinh độ?', '45 độ', '178 độ', '249 độ', '246 độ', 'A'),
(9, 'HARD', 'Trái Đất tự quay quanh trục 1 vòng mất 24 giờ. Vậy trong 5 giờ, Trái Đất quay được một góc bao nhiêu kinh độ?', '266 độ', '75 độ', '235 độ', '143 độ', 'B'),
(9, 'HARD', 'Trái Đất tự quay quanh trục 1 vòng mất 24 giờ. Vậy trong 9 giờ, Trái Đất quay được một góc bao nhiêu kinh độ?', '201 độ', '348 độ', '135 độ', '196 độ', 'C'),
(9, 'HARD', 'Trái Đất tự quay quanh trục 1 vòng mất 24 giờ. Vậy trong 11 giờ, Trái Đất quay được một góc bao nhiêu kinh độ?', '160 độ', '66 độ', '165 độ', '315 độ', 'C'),
(9, 'HARD', 'Trái Đất tự quay quanh trục 1 vòng mất 24 giờ. Vậy trong 10 giờ, Trái Đất quay được một góc bao nhiêu kinh độ?', '195 độ', '26 độ', '150 độ', '23 độ', 'C'),
(9, 'HARD', 'Trái Đất tự quay quanh trục 1 vòng mất 24 giờ. Vậy trong 3 giờ, Trái Đất quay được một góc bao nhiêu kinh độ?', '24 độ', '45 độ', '176 độ', '35 độ', 'B'),
(9, 'HARD', 'Trái Đất tự quay quanh trục 1 vòng mất 24 giờ. Vậy trong 5 giờ, Trái Đất quay được một góc bao nhiêu kinh độ?', '75 độ', '82 độ', '254 độ', '56 độ', 'A'),
(9, 'HARD', 'Trái Đất tự quay quanh trục 1 vòng mất 24 giờ. Vậy trong 6 giờ, Trái Đất quay được một góc bao nhiêu kinh độ?', '70 độ', '90 độ', '94 độ', '179 độ', 'B'),
(9, 'HARD', 'Trái Đất tự quay quanh trục 1 vòng mất 24 giờ. Vậy trong 8 giờ, Trái Đất quay được một góc bao nhiêu kinh độ?', '69 độ', '25 độ', '120 độ', '238 độ', 'C'),
(9, 'HARD', 'Trái Đất tự quay quanh trục 1 vòng mất 24 giờ. Vậy trong 6 giờ, Trái Đất quay được một góc bao nhiêu kinh độ?', '317 độ', '355 độ', '90 độ', '104 độ', 'C'),
(9, 'HARD', 'Trái Đất tự quay quanh trục 1 vòng mất 24 giờ. Vậy trong 6 giờ, Trái Đất quay được một góc bao nhiêu kinh độ?', '132 độ', '90 độ', '310 độ', '195 độ', 'B'),
(9, 'HARD', 'Trái Đất tự quay quanh trục 1 vòng mất 24 giờ. Vậy trong 2 giờ, Trái Đất quay được một góc bao nhiêu kinh độ?', '244 độ', '30 độ', '209 độ', '127 độ', 'B'),
(9, 'HARD', 'Trái Đất tự quay quanh trục 1 vòng mất 24 giờ. Vậy trong 6 giờ, Trái Đất quay được một góc bao nhiêu kinh độ?', '294 độ', '134 độ', '132 độ', '90 độ', 'D'),
(9, 'HARD', 'Trái Đất tự quay quanh trục 1 vòng mất 24 giờ. Vậy trong 7 giờ, Trái Đất quay được một góc bao nhiêu kinh độ?', '186 độ', '105 độ', '315 độ', '212 độ', 'B'),
(9, 'HARD', 'Trái Đất tự quay quanh trục 1 vòng mất 24 giờ. Vậy trong 9 giờ, Trái Đất quay được một góc bao nhiêu kinh độ?', '231 độ', '135 độ', '69 độ', '315 độ', 'B'),
(9, 'HARD', 'Trái Đất tự quay quanh trục 1 vòng mất 24 giờ. Vậy trong 7 giờ, Trái Đất quay được một góc bao nhiêu kinh độ?', '105 độ', '319 độ', '180 độ', '238 độ', 'A'),
(9, 'HARD', 'Trái Đất tự quay quanh trục 1 vòng mất 24 giờ. Vậy trong 12 giờ, Trái Đất quay được một góc bao nhiêu kinh độ?', '16 độ', '291 độ', '180 độ', '334 độ', 'C'),
(9, 'HARD', 'Trái Đất tự quay quanh trục 1 vòng mất 24 giờ. Vậy trong 10 giờ, Trái Đất quay được một góc bao nhiêu kinh độ?', '203 độ', '254 độ', '293 độ', '150 độ', 'D'),
(9, 'HARD', 'Trái Đất tự quay quanh trục 1 vòng mất 24 giờ. Vậy trong 2 giờ, Trái Đất quay được một góc bao nhiêu kinh độ?', '30 độ', '343 độ', '72 độ', '337 độ', 'A'),
(9, 'HARD', 'Trái Đất tự quay quanh trục 1 vòng mất 24 giờ. Vậy trong 7 giờ, Trái Đất quay được một góc bao nhiêu kinh độ?', '113 độ', '221 độ', '105 độ', '281 độ', 'C');

